Frequency (MHz),Power (Watts),Error Time (s),Error Magnitude,Hamming Distance
3090,50.55,0.3777122497558594,0.005672455,26
3090,50.55,0.04408407211303711,0.00061798096,3
3090,52.17,0.046538352966308594,0.0044555664,7
3090,52.17,0.04961848258972168,0.0030212402,6
3090,53.98,0.04734086990356445,0.06376648,15
3090,53.98,0.04040384292602539,0.008132935,27
3090,55.45,0.05255699157714844,0.0028018951,19
3090,55.45,0.04203653335571289,0.0125694275,16
3090,55.45,0.04424595832824707,0.023849487,21
3090,56.79,0.0497281551361084,0.015666962,14
3090,56.79,0.04535841941833496,0.0039196014,20
3090,58.14,0.04387044906616211,0.0016937256,5
3090,58.14,0.04252815246582031,0.028402328,12
3090,59.50,0.04631638526916504,0.011295319,29
3090,59.50,0.05436205863952637,0.001253128,20
3090,60.87,0.054062843322753906,0.02580452,25
3090,60.87,0.04031252861022949,0.03232956,36
3090,60.06,0.04629158973693848,0.0020961761,7
3090,60.06,0.03997993469238281,0.0015611649,17
3090,60.06,0.04261970520019531,0.07618332,19
3090,58.12,0.04413652420043945,0.0018463135,5
3090,58.12,0.04519319534301758,0.0019226074,18
3090,56.06,0.04446768760681152,0.033366203,28
3090,56.06,0.04355669021606445,0.06574249,18
3090,54.00,0.05026841163635254,0.05435753,31
3090,54.00,0.056356191635131836,0.0019359589,14
3090,53.82,0.04491400718688965,0.049598694,21
3090,53.82,0.04591512680053711,0.0013046265,10
3090,53.48,0.03966116905212402,0.002462387,25
3090,53.48,0.045836448669433594,0.015312195,35
3090,53.34,0.04595184326171875,0.012863159,27
3090,53.34,0.04575705528259277,0.003063202,12
3090,53.34,0.04489922523498535,0.0045433044,13
3090,53.33,0.04619264602661133,0.044244766,46
3090,53.33,0.045992136001586914,0.045188904,37
3090,53.35,0.05316781997680664,0.03395462,23
3090,53.35,0.047267913818359375,0.004585266,9
3090,53.37,0.047358036041259766,0.0037460327,33
3090,53.37,0.04468965530395508,0.005039215,27
3090,57.30,0.24560213088989258,0.048784256,30
3090,57.30,0.04212379455566406,0.013801575,26
3090,57.76,0.0423276424407959,0.008563995,20
3090,57.76,0.03937339782714844,0.046085358,43
3090,57.76,0.04244256019592285,0.04724884,23
3090,57.78,0.045548439025878906,0.023235321,7
3090,57.78,0.04617786407470703,0.03875923,37
3090,57.64,0.04582667350769043,0.017024994,42
3090,57.64,0.04056549072265625,0.010253906,11
3090,57.65,0.04211854934692383,0.0028305054,26
3090,57.65,0.04175281524658203,0.002521515,5
3090,57.65,0.0414891242980957,0.0723629,27
3090,57.64,0.04611802101135254,0.021541595,32
3090,57.64,0.04776501655578613,0.004173279,9
3090,57.63,0.039806365966796875,0.011829376,15
3090,57.63,0.047533512115478516,0.039442062,16
3090,57.59,0.04623556137084961,0.0019454956,10
3090,57.59,0.04508519172668457,0.014133453,13
3090,57.73,0.046117544174194336,0.07036638,28
3090,57.73,0.04821944236755371,0.013721466,23
3090,57.84,0.0427703857421875,0.017951965,19
3090,57.84,0.04841923713684082,0.0019741058,14
3090,57.84,0.04633331298828125,0.0031204224,21
3090,56.11,0.03982973098754883,0.00242424,15
3090,56.11,0.04050183296203613,0.009329796,21
3090,53.95,0.0432133674621582,0.0033721924,23
3090,53.95,0.04387068748474121,0.032245636,19
3090,53.65,0.043205976486206055,0.027938843,23
3090,53.65,0.0396573543548584,0.008554459,15
3090,53.65,0.04639410972595215,0.0062179565,13
3090,53.62,0.03993034362792969,0.002784729,19
3090,53.62,0.04627060890197754,0.05941391,32
3090,53.64,0.04283761978149414,0.042058468,16
3090,53.64,0.04637479782104492,0.028205872,22
3090,53.65,0.041517019271850586,0.022731781,26
3090,53.65,0.048537254333496094,0.028690338,19
3090,53.66,0.045270442962646484,0.027132034,39
3090,53.66,0.04371047019958496,0.013179779,19
3090,53.66,0.044980525970458984,0.0014839172,39
3090,53.68,0.04339194297790527,0.0009422302,3
3090,53.68,0.044646501541137695,0.02312088,32
3105,62.19,0.4403722286224365,0.040977478,41
3105,62.19,0.04715228080749512,0.01820755,24
3105,62.58,0.039521217346191406,0.033672333,76
3105,62.58,0.045340776443481445,0.04693985,31
3105,62.69,0.0482020378112793,0.006000519,36
3105,62.69,0.04420351982116699,0.027210236,24
3105,62.69,0.04421043395996094,0.00579834,42
3105,62.81,0.04757881164550781,0.009666443,29
3105,62.81,0.044158935546875,0.014865875,56
3105,62.79,0.04639148712158203,0.05393982,24
3105,62.79,0.04585862159729004,0.008325577,29
3105,62.93,0.03963184356689453,0.025993347,27
3105,62.93,0.04605603218078613,0.013916016,30
3105,63.09,0.05906105041503906,0.06264877,29
3105,63.09,0.040815114974975586,0.053621292,45
3105,63.45,0.04418373107910156,0.02568245,41
3105,63.45,0.04404807090759277,0.015172958,46
3105,63.45,0.04568004608154297,0.0067596436,38
3105,62.24,0.044536590576171875,0.033633232,41
3105,62.24,0.04026079177856445,0.04940319,31
3105,52.68,0.3946976661682129,0.0056381226,38
3105,52.68,0.04503965377807617,0.04312706,79
3105,54.41,0.044652700424194336,0.044239044,49
3105,54.41,0.04831218719482422,0.02676773,45
3105,55.96,0.041779279708862305,0.028198242,40
3105,55.96,0.044065237045288086,0.07775879,59
3105,55.96,0.043054819107055664,0.026016235,69
3105,57.34,0.04354691505432129,0.0042591095,21
3105,57.34,0.04266071319580078,0.031764984,55
3105,58.76,0.04716205596923828,0.0074501038,44
3105,58.76,0.04106616973876953,0.06029606,27
3105,60.33,0.046416282653808594,0.021055222,31
3105,60.33,0.03897690773010254,0.04914093,43
3105,60.33,0.044901371002197266,0.026672363,50
3105,61.76,0.04485177993774414,0.0013198853,37
3105,61.76,0.04561448097229004,0.009143829,57
3105,63.19,0.046179771423339844,0.060788155,46
3105,63.19,0.04655194282531738,0.009185791,62
3105,61.79,0.04337024688720703,0.007429123,54
3105,61.79,0.04542398452758789,0.04664421,32
3105,59.85,0.04918169975280762,0.031166077,57
3105,59.85,0.04335522651672363,0.024223328,44
3105,57.60,0.04373645782470703,0.06838989,64
3105,57.60,0.04367566108703613,0.06506729,58
3105,57.60,0.04971027374267578,0.017640114,38
3105,55.14,0.04081439971923828,0.0026245117,29
3105,55.14,0.04561901092529297,0.018234253,37
3105,54.88,0.04506111145019531,0.030700684,23
3105,54.88,0.0434575080871582,0.008926392,33
3105,54.77,0.0443577766418457,0.057100296,48
3105,54.77,0.04403567314147949,0.08371353,43
3105,54.87,0.04558992385864258,0.034597397,46
3105,54.87,0.043100833892822266,0.004858017,35
3105,54.87,0.04561161994934082,0.026319504,73
3105,54.87,0.04239201545715332,0.060014725,67
3105,54.87,0.045554161071777344,0.021003723,27
3105,54.74,0.04610729217529297,0.06532669,83
3105,54.74,0.044962167739868164,0.045791626,50
3105,54.74,0.04501938819885254,0.0050144196,40
3105,54.74,0.04417109489440918,0.03388405,53
2640,54.88,0.047962188720703125,0.020090103,55
3105,61.70,0.41277003288269043,0.006978035,39
3105,61.70,0.04458045959472656,0.049892426,63
3105,62.01,0.04465937614440918,0.026330948,59
3105,62.01,0.04182696342468262,0.008514404,31
3105,62.07,0.04471898078918457,0.004207611,25
3105,62.07,0.04654335975646973,0.018672943,48
3105,62.07,0.044069766998291016,0.04560089,59
3105,61.97,0.04812502861022949,0.030992508,48
3105,61.97,0.04273724555969238,0.03917694,50
3105,61.98,0.0464019775390625,0.0626564,52
3105,61.98,0.04682421684265137,0.06343651,70
3105,61.98,0.04377317428588867,0.033683777,45
3105,61.98,0.04478883743286133,0.010854721,52
3105,62.14,0.04601144790649414,0.07227802,59
3105,62.14,0.043683767318725586,0.005203247,43
3105,62.02,0.04655289649963379,0.046726227,41
3105,62.02,0.04653763771057129,0.0582633,71
3105,62.02,0.04381537437438965,0.04058838,31
3105,61.17,0.045166730880737305,0.039733887,42
3105,61.17,0.04842090606689453,0.06910324,39
3105,59.09,0.045233726501464844,0.020269394,51
3105,59.09,0.0398557186126709,0.029642582,29
3105,57.26,0.04409956932067871,0.0036354065,37
3105,57.26,0.04412961006164551,0.041374207,24
3105,55.26,0.04462599754333496,0.009218216,33
3105,55.26,0.042104244232177734,0.040490627,55
3105,55.26,0.044768571853637695,0.041599274,54
3105,54.90,0.04597759246826172,0.02153778,37
3105,54.90,0.04191946983337402,0.027824402,19
3105,54.83,0.04278135299682617,0.008687973,36
3105,54.83,0.042563438415527344,0.011613846,28
3105,54.94,0.04288434982299805,0.02658844,51
3105,54.94,0.04122519493103027,0.008670807,46
3105,54.94,0.04413890838623047,0.035057068,36
3105,54.93,0.0401155948638916,0.0639534,67
3105,54.93,0.04595160484313965,0.02355957,35
3105,54.90,0.042055606842041016,0.009801865,18
3105,54.90,0.05017518997192383,0.06871414,86
3105,54.90,0.041474342346191406,0.025333405,79
3105,54.90,0.04423642158508301,0.06361961,65
3105,54.90,0.04322195053100586,0.0015239716,14
3105,61.71,0.4272804260253906,0.03106308,86
3105,61.71,0.04599642753601074,0.050027847,43
3105,62.03,0.04405069351196289,0.038627625,46
3105,62.03,0.04293084144592285,0.033016205,46
3105,62.22,0.0460205078125,0.07021499,75
3105,62.22,0.043659210205078125,0.04408264,47
3105,62.22,0.04436326026916504,0.040542603,62
3105,62.13,0.044020652770996094,0.01878357,48
3105,62.13,0.04347944259643555,0.0329113,34
3105,62.16,0.04343152046203613,0.03319168,110
3105,62.16,0.050055503845214844,0.005844116,19
3105,62.19,0.043137311935424805,0.019101135,41
3105,62.19,0.04424095153808594,0.025745392,26
3105,62.21,0.04789113998413086,0.021526337,31
3105,62.21,0.04402017593383789,0.0054626465,31
3105,62.21,0.04208803176879883,0.012229919,61
3105,62.26,0.04237699508666992,0.07135391,51
3105,62.26,0.042285919189453125,0.013324738,42
3090,47.86,0.2817244529724121,0.0030059814,5
3090,47.86,0.03893542289733887,0.0002708435,14
3090,49.96,0.05048823356628418,0.036693692,11
3090,49.96,0.04464149475097656,0.0044403076,10
3090,51.92,0.042088985443115234,0.0009613037,7
3090,51.92,0.05712127685546875,0.0023498535,6
3090,53.88,0.05906820297241211,0.011758804,6
3090,53.88,0.04818296432495117,0.0009422302,8
3090,56.09,0.048989295959472656,0.002532959,5
3090,56.09,0.05186867713928223,0.002855301,19
3090,58.06,0.049093008041381836,0.0002708435,6
3090,58.06,0.0490877628326416,0.020578384,15
3090,59.92,0.07127523422241211,0.0531559,10
3090,59.92,0.04907059669494629,0.0022506714,12
3090,62.81,0.05430722236633301,0.015317917,20
3090,62.81,0.05245542526245117,0.007575989,4
3090,65.19,0.04869556427001953,0.002281189,9
3090,65.19,0.04494214057922363,0.006123543,11
3090,64.46,0.04471898078918457,0.0033187866,11
3090,63.53,0.06530499458312988,0.00412941,6
3090,63.53,0.05576777458190918,0.0008678436,8
3090,62.33,0.047968387603759766,0.0018310547,2
3090,62.33,0.04708695411682129,0.0017766953,6
3090,62.07,0.05009889602661133,0.0013504028,15
3090,62.07,0.06055307388305664,0.0036773682,3
3090,62.23,0.039621591567993164,0.0031013489,6
3090,62.23,0.05670452117919922,0.0051498413,6
3090,62.49,0.051503658294677734,0.003835678,11
3090,62.49,0.05952572822570801,0.000957489,5
3090,62.44,0.049759626388549805,0.0014953613,4
3090,62.44,0.051603078842163086,0.0026073456,8
3090,62.54,0.05229020118713379,0.0028648376,6
3090,62.54,0.04567980766296387,0.002696991,8
3090,62.68,0.060372352600097656,0.0021781921,7
3090,62.68,0.04417538642883301,0.0434494,13
2640,62.26,0.04680204391479492,0.001750946,9
3090,66.51,0.40211915969848633,0.0424881,9
3090,66.51,0.04078555107116699,0.034908295,10
3090,66.42,0.04200553894042969,0.0013179779,11
3090,66.42,0.044699668884277344,0.023777008,7
3090,66.42,0.04726815223693848,0.0012741089,5
3090,66.14,0.05882859230041504,0.0052871704,15
3090,66.15,0.04247331619262695,0.006093979,13
3090,66.15,0.044005632400512695,0.0022888184,4
3090,66.15,0.03884553909301758,0.00020599365,6
3090,65.51,0.05158042907714844,0.0013389587,4
3090,65.51,0.04489588737487793,0.004562378,7
3090,65.42,0.04851198196411133,0.0011634827,4
3090,65.42,0.038433074951171875,0.00091171265,7
3090,65.36,0.04741954803466797,0.020908356,7
3090,65.36,0.04455232620239258,0.0038700104,7
3090,64.64,0.0422511100769043,0.00016212463,9
3090,64.64,0.047461509704589844,0.0029392242,9
3090,64.64,0.04226064682006836,0.006038666,6
3090,64.09,0.05632519721984863,0.033229828,12
3090,64.09,0.04004263877868652,0.0006580353,8
3090,62.53,0.04600954055786133,0.020328522,8
3090,62.53,0.04220890998840332,0.014034271,22
3090,60.72,0.04951977729797363,0.009185791,35
3090,60.72,0.05396008491516113,0.0016403198,5
3090,59.19,0.044968366622924805,0.021175385,12
3090,59.19,0.045574188232421875,0.00068855286,6
3090,59.02,0.03920698165893555,0.021900177,18
3090,59.02,0.044518470764160156,0.005595207,7
3090,59.02,0.04745769500732422,0.014678955,20
3090,58.75,0.039459228515625,0.0030765533,14
3090,58.75,0.04857993125915527,0.0004901886,9
3090,58.15,0.05046892166137695,0.0010852814,4
3090,58.15,0.04676485061645508,0.002916336,8
3090,58.74,0.04786038398742676,0.0033493042,8
3090,58.74,0.039957523345947266,0.0055160522,16
3090,58.18,0.04759573936462402,0.0030288696,7
3090,58.18,0.05498909950256348,0.033325195,11
3090,58.59,0.05390024185180664,0.01386261,15
3090,58.59,0.03924894332885742,0.00092315674,4
2640,59.06,0.03985333442687988,0.0039520264,17
3090,64.56,0.4150538444519043,0.005138397,7
3090,64.56,0.05542159080505371,0.004214525,8
3090,65.12,0.049979448318481445,0.0012359619,5
3090,65.12,0.045120954513549805,0.00012683868,5
3090,65.54,0.04504036903381348,0.0045700073,6
3090,65.54,0.05248594284057617,0.0027885437,8
3090,66.19,0.04460406303405762,0.0014686584,6
3090,66.19,0.05634427070617676,0.0021915436,8
3090,66.20,0.05413246154785156,0.002243042,8
3090,66.20,0.05027437210083008,0.029521942,12
3090,67.03,0.04703783988952637,0.006038666,9
3090,67.03,0.04068183898925781,0.00851059,12
3090,66.27,0.04304027557373047,0.029594421,16
3090,66.27,0.05279374122619629,0.0030288696,16
3090,66.26,0.048342227935791016,0.002374649,7
3090,66.26,0.05989837646484375,0.03043747,19
3090,66.37,0.05133700370788574,0.022346497,9
3090,66.37,0.05429720878601074,0.0027914047,12
3090,64.96,0.04027819633483887,0.0033016205,8
3090,64.96,0.050434112548828125,0.00065612793,4
3090,63.33,0.04638051986694336,0.020259857,9
3090,63.33,0.04986310005187988,0.0027046204,8
3090,61.33,0.04633736610412598,0.004173279,5
3090,61.33,0.04696536064147949,0.013074875,9
3090,48.73,0.3126394748687744,0.0036392212,8
3090,48.73,0.04395484924316406,0.0057868958,8
3090,50.73,0.04008603096008301,0.0011463165,13
3090,50.73,0.05626940727233887,0.0027503967,6
3090,52.81,0.046918392181396484,0.016269684,20
3090,52.81,0.05708193778991699,0.00198555,7
3090,55.15,0.05038022994995117,0.00028038025,8
3090,55.15,0.04510807991027832,0.023334503,15
3090,57.40,0.04423260688781738,0.0012569427,8
3090,57.40,0.04491925239562988,0.004131317,9
3090,59.25,0.04460453987121582,0.005218506,5
3090,59.25,0.043703556060791016,0.0017623901,5
3090,61.62,0.07036924362182617,0.0005607605,7
3090,61.62,0.043256282806396484,0.006160736,7
3090,63.74,0.045562744140625,0.005016327,13
3090,63.74,0.05149412155151367,0.018987656,12
3090,65.62,0.045453548431396484,0.0045394897,8
3090,65.62,0.045034170150756836,0.019056797,10
3090,64.31,0.0554347038269043,0.001537323,5
3090,64.31,0.04508161544799805,0.0065460205,13
3090,64.31,0.03914928436279297,0.0006980896,7
3090,62.54,0.04859018325805664,0.022368431,11
3090,62.54,0.05979347229003906,0.00093364716,6
3090,61.57,0.039501190185546875,0.003063202,8
3090,61.57,0.044725656509399414,0.029651642,9
3090,61.30,0.04242229461669922,0.0008544922,3
3090,61.30,0.04547595977783203,0.05048895,9
3090,61.22,0.03966021537780762,0.0047073364,6
3090,61.22,0.04356551170349121,0.0019569397,8
3090,61.22,0.045954227447509766,0.0012550354,5
3090,60.47,0.04371953010559082,0.019260406,13
3090,60.47,0.05020880699157715,0.00042533875,3
3090,59.92,0.052471160888671875,0.014728546,5
3090,60.31,0.05324697494506836,0.041194916,17
3090,60.31,0.0415341854095459,0.013134003,11
3090,60.31,0.04173159599304199,0.0020980835,15
3090,59.58,0.04828643798828125,0.0008068085,5
3090,59.58,0.03900337219238281,0.0030708313,5
2640,59.22,0.04441428184509277,0.118118286,12
3090,63.90,0.4099130630493164,0.0010261536,6
3090,63.90,0.042166709899902344,0.0063476562,12
3090,64.08,0.055202484130859375,0.009403229,12
3090,64.08,0.04497575759887695,0.0050811768,16
3090,64.32,0.0433807373046875,0.0012950897,10
3090,64.32,0.047188520431518555,0.00018930435,6
3090,64.60,0.04698824882507324,0.0025558472,5
3090,64.60,0.045795440673828125,0.0038261414,9
3090,64.60,0.0427401065826416,0.007434845,7
3090,64.36,0.04095816612243652,0.0018539429,6
3090,64.36,0.0447392463684082,0.019763947,8
3090,63.65,0.04654407501220703,0.012271881,14
3090,63.65,0.044516801834106445,0.0039482117,7
3090,63.78,0.04861330986022949,0.00223732,8
3090,63.78,0.04733586311340332,0.02204132,9
3090,63.99,0.04737234115600586,0.0008277893,6
3090,63.99,0.04200887680053711,0.004764557,14
3090,63.49,0.04651045799255371,0.0038032532,6
3090,63.49,0.05288076400756836,0.0012397766,7
3090,63.49,0.04372239112854004,0.007183075,7
3090,61.99,0.0520939826965332,0.035943985,17
3090,61.99,0.04684185981750488,0.001909256,10
3090,60.48,0.047994375228881836,0.004360199,8
3090,60.48,0.0507051944732666,0.0035629272,5
3090,59.08,0.04450678825378418,0.054347992,17
3090,59.08,0.045603036880493164,0.022756577,11
3090,58.80,0.04489254951477051,0.0004968643,5
3090,58.80,0.052639007568359375,0.0043640137,13
3090,58.41,0.05199003219604492,0.0017471313,4
3090,58.41,0.049509286880493164,0.024951935,11
3090,58.39,0.051514625549316406,0.002243042,8
3090,58.39,0.05028247833251953,0.0027770996,14
3090,59.21,0.04652047157287598,0.00061798096,5
3090,59.21,0.05228400230407715,0.002951622,9
3090,59.54,0.04891037940979004,0.04882431,5
3090,59.54,0.04001903533935547,0.02445221,9
3090,59.36,0.0541229248046875,0.0033073425,11
3090,59.36,0.04299521446228027,0.0033931732,8
2640,58.98,0.04184103012084961,0.019180298,10
3090,63.67,0.4114949703216553,0.0028419495,8
3090,63.67,0.04311656951904297,0.035499573,31
3090,63.91,0.06162858009338379,0.002407074,9
3090,63.91,0.0450892448425293,0.0009536743,15
3090,64.31,0.04503750801086426,0.0003862381,7
3090,64.31,0.0498046875,0.009807587,13
3090,64.37,0.04825305938720703,0.022324085,18
3090,64.37,0.05396890640258789,0.00070381165,6
3090,64.09,0.04230141639709473,0.0057525635,5
3090,64.09,0.04258298873901367,0.001033783,12
3090,63.98,0.04183840751647949,0.019470215,11
3090,63.98,0.047635555267333984,0.0487566,23
3090,63.98,0.04864621162414551,0.0016326904,12
3090,64.54,0.04205751419067383,0.0012645721,11
3090,64.54,0.045502662658691406,0.0022354126,8
3090,64.39,0.045228004455566406,0.0051670074,13
3090,64.39,0.05146908760070801,0.033115387,7
3090,64.17,0.03961586952209473,0.006816864,17
3090,64.17,0.044840097427368164,0.009895325,9
3090,62.41,0.05409955978393555,0.0030288696,14
3090,62.41,0.050223588943481445,0.006149292,7
3090,60.80,0.05204629898071289,0.0026359558,9
3060,46.71,0.257399320602417,0.0019731522,10
3060,46.71,0.04639077186584473,0.004131317,10
3060,48.38,0.050537824630737305,0.0819931,6
3060,48.38,0.0657660961151123,0.02565384,9
3060,50.81,0.048055410385131836,0.0072135925,14
3060,50.81,0.0440669059753418,0.0011100769,8
3060,52.34,0.04571032524108887,0.0016670227,9
3060,52.34,0.0443577766418457,0.035032272,10
3060,53.77,0.04703640937805176,0.013572693,23
3060,53.77,0.04055619239807129,0.041589737,19
3060,55.31,0.047156572341918945,0.006259918,8
3060,55.31,0.04508399963378906,0.009019852,10
3060,56.85,0.047652244567871094,0.0040359497,7
3060,56.85,0.047582149505615234,0.0017757416,9
3060,56.85,0.04530620574951172,0.0041046143,5
3060,58.26,0.04633164405822754,0.004131317,11
3060,58.26,0.04667305946350098,0.0066051483,15
3060,59.77,0.039887189865112305,0.0022468567,7
3060,59.77,0.049323320388793945,0.00062942505,6
3060,59.72,0.04669022560119629,0.0041046143,6
3060,59.72,0.04901266098022461,0.0030498505,5
3060,57.78,0.04661989212036133,0.0052108765,23
3060,57.78,0.04714679718017578,0.0005607605,6
3060,55.93,0.04418826103210449,0.001449585,4
3060,55.93,0.05041766166687012,0.00064086914,5
3060,56.16,0.05230116844177246,0.037231445,7
3060,56.16,0.04750800132751465,0.00051116943,6
3060,55.15,0.04437565803527832,0.0059661865,15
3060,55.15,0.04388928413391113,0.0028266907,8
3060,55.15,0.04408884048461914,0.024477005,13
3060,54.90,0.04317474365234375,0.005760193,5
3060,54.90,0.0471041202545166,0.0118255615,4
3060,54.73,0.05327796936035156,0.0038414001,15
3060,54.73,0.046086788177490234,0.0015830994,7
3060,54.97,0.047513723373413086,0.019481659,16
3060,54.97,0.052932024002075195,0.0031738281,13
3060,55.21,0.04449033737182617,0.0010471344,8
3060,55.21,0.04450273513793945,0.008060455,19
3090,59.25,0.2579982280731201,0.0051002502,6
3090,59.25,0.043190956115722656,0.009033203,12
3090,59.80,0.04473257064819336,0.0017280579,6
3090,59.80,0.04323744773864746,0.0013427734,5
3090,60.27,0.05760598182678223,0.0039520264,4
3090,60.27,0.046903133392333984,0.00466156,9
3090,60.35,0.04864621162414551,0.012042999,9
3090,60.35,0.054674625396728516,0.052051544,24
3090,60.86,0.05192279815673828,0.0022087097,6
3090,60.86,0.04327869415283203,0.03860092,18
3090,61.16,0.04532790184020996,0.0035705566,7
3090,61.16,0.057976722717285156,0.017185211,20
3090,61.72,0.05572795867919922,0.011497498,10
3090,61.72,0.057403564453125,0.034770966,8
3090,62.05,0.043584585189819336,0.006351471,4
3090,62.05,0.04976248741149902,0.005393982,15
3090,61.89,0.044695138931274414,0.0010643005,9
3090,61.89,0.049553871154785156,0.005870819,4
3090,62.39,0.05038309097290039,0.008893967,8
3090,62.39,0.04773116111755371,0.005924225,5
3090,60.40,0.043921709060668945,0.006351471,5
3090,60.40,0.043161630630493164,0.0078105927,3
3090,58.55,0.04709506034851074,0.0052928925,9
3090,58.55,0.05338597297668457,0.0007801056,5
3090,58.43,0.04532599449157715,0.015331268,7
3090,58.43,0.04333829879760742,0.0063972473,12
3090,58.43,0.04291129112243652,0.00045394897,7
3090,57.88,0.044936418533325195,0.038887024,10
3090,57.88,0.04066205024719238,0.017568588,9
3090,57.41,0.045206546783447266,0.0019683838,9
3090,57.41,0.0533137321472168,0.04415512,9
3090,57.52,0.054045915603637695,0.029626846,7
3090,57.52,0.050748586654663086,0.037223816,16
3090,58.06,0.05155134201049805,0.0022239685,5
3090,58.06,0.03920745849609375,0.0002975464,4
3090,58.38,0.04940938949584961,0.007446289,11
3090,58.38,0.045380353927612305,0.007659912,13
2640,58.12,0.04945111274719238,0.025871277,9
3090,64.19,0.4182400703430176,0.0021247864,5
3090,64.19,0.04656481742858887,0.034051895,12
3090,64.36,0.04790496826171875,0.0036239624,15
3090,64.36,0.04421687126159668,0.0018157959,6
3090,64.92,0.043058156967163086,0.016960144,14
3090,64.92,0.04758405685424805,0.031547546,15
3090,65.15,0.04801154136657715,0.016990662,8
3090,65.15,0.04471874237060547,0.006793976,13
3090,65.15,0.04305863380432129,0.034030914,7
3090,64.56,0.04827523231506348,0.03658867,17
3090,64.56,0.05089116096496582,0.0066566467,8
3090,64.54,0.0447688102722168,0.030479431,6
3090,64.54,0.04454493522644043,0.0021438599,4
3090,64.11,0.05077195167541504,0.004304886,8
3090,64.11,0.04828524589538574,0.0042152405,18
3090,64.16,0.046273231506347656,0.04941988,24
3090,64.16,0.04702186584472656,0.060447693,18
3090,63.60,0.047301292419433594,0.00061798096,9
3090,63.60,0.04993438720703125,0.01721859,7
3090,61.97,0.042485713958740234,0.00037765503,8
3090,61.97,0.043642520904541016,0.003982544,5
3090,60.25,0.04577064514160156,0.004142761,5
3090,60.25,0.046698570251464844,0.009109497,9
3090,60.25,0.03893280029296875,0.0019340515,7
3075,51.58,0.45000123977661133,0.008708954,8
3075,56.62,0.07106924057006836,0.004169464,7
3075,59.57,0.043248653411865234,0.014621735,6
3075,63.64,0.1546614170074463,0.0005207062,7
3075,67.72,0.11090993881225586,0.0006465912,5
3075,78.23,0.13633251190185547,0.018381119,11
3075,78.23,0.05412173271179199,0.025981903,12
3075,80.24,0.10827350616455078,0.09730911,9
3075,82.08,0.0696103572845459,0.0078315735,7
3075,82.68,0.08947372436523438,0.005256653,5
3075,86.94,0.296832799911499,0.011922836,8
3075,90.06,0.24425029754638672,0.002380371,6
3075,92.02,0.13370347023010254,0.008764267,7
3075,92.02,0.06857633590698242,0.0009613037,7
3075,88.60,0.11264491081237793,0.008214951,10
3075,91.59,0.0922391414642334,0.0013923645,18
3075,91.28,0.10001206398010254,0.0017528534,6
3075,91.55,0.08195376396179199,0.0017929077,7
3075,91.20,0.07166171073913574,0.00027656555,3
3075,88.96,0.1600503921508789,0.014968872,8
3075,88.16,0.048348188400268555,0.05938673,8
3075,86.64,0.19739031791687012,0.005428314,5
3075,86.64,0.05650758743286133,0.030981064,8
3075,85.53,0.05632638931274414,0.0010414124,4
3075,85.53,0.045052289962768555,0.0020179749,8
3075,81.99,0.0632479190826416,0.0005168915,8
3075,82.12,0.051047563552856445,0.028198242,8
3075,81.28,0.10097670555114746,0.007797241,8
3075,81.28,0.05201601982116699,0.0031852722,10
3075,80.63,0.40070009231567383,0.0054092407,6
3075,79.62,0.0931694507598877,0.0002593994,8
3075,81.20,0.09444713592529297,0.030853271,10
3075,79.46,0.07659077644348145,0.0015830994,5
3075,80.27,0.14930057525634766,0.003955841,5
3075,82.49,0.07426834106445312,0.026691914,13
3075,83.47,0.06918168067932129,0.00012779236,5
3075,83.68,0.10337281227111816,0.028083801,9
3075,85.79,0.09211206436157227,0.00044250488,4
3075,86.26,0.10818362236022949,0.012843132,10
3075,86.26,0.06716060638427734,0.0017108917,7
3075,85.79,0.06156206130981445,0.026932716,13
3075,83.04,0.1032865047454834,0.013801575,10
3075,82.98,0.12397456169128418,0.0031204224,8
3075,83.55,0.04321622848510742,0.0020980835,7
3075,82.80,0.09753179550170898,0.013418198,9
3075,84.21,0.2214493751525879,0.0591259,10
2970,84.69,0.1519014835357666,0.0005531311,7
2955,84.49,0.14809513092041016,0.03564453,4
2955,83.44,0.13592863082885742,0.006887436,9
3075,85.16,0.273073673248291,0.0038146973,8
3075,86.90,0.14983272552490234,0.0037841797,8
3075,86.10,0.14712762832641602,0.0028648376,6
3075,83.95,0.10880780220031738,0.0015068054,8
3075,83.64,0.07951092720031738,0.008087158,5
3075,83.24,0.07266640663146973,0.06229019,5
3075,83.58,0.12483406066894531,0.027956009,9
3075,83.58,0.05457472801208496,0.0023231506,5
3075,83.46,0.0606234073638916,0.006160736,12
3075,82.65,0.07361483573913574,0.0016283989,9
3075,82.69,0.1680593490600586,0.07051277,9
3075,83.62,0.0877695083618164,0.00049972534,3
3075,83.15,0.054410457611083984,0.0023880005,5
3075,80.80,0.1367642879486084,0.00800705,9
3075,84.03,0.16601014137268066,0.017112732,6
3075,86.01,0.16401886940002441,0.0070323944,7
3075,86.01,0.07347679138183594,0.0020751953,4
3075,86.75,0.24743890762329102,0.030765533,10
3075,86.31,0.12357020378112793,0.0001411438,5
3075,85.23,0.07437944412231445,0.020064354,8
3075,85.23,0.06918168067932129,0.0028648376,6
3075,84.90,0.07773423194885254,0.061969757,7
3075,84.50,0.1182861328125,0.0033359528,8
3075,85.25,0.05066037178039551,0.0031318665,7
3075,82.47,0.09865665435791016,0.022800446,12
3075,82.47,0.09038209915161133,0.0026283264,8
3075,84.37,0.1807262897491455,0.0019264221,5
3075,84.54,0.1670985221862793,0.005344391,7
3075,84.65,0.04396200180053711,0.0022864342,10
3075,84.65,0.05618739128112793,0.012794495,7
3075,83.05,0.11040711402893066,0.0017852783,6
3075,85.34,0.18964099884033203,0.033103943,8
3075,86.68,0.06633949279785156,0.0050735474,16
3075,86.68,0.04733443260192871,0.0016593933,6
3075,84.31,0.06167864799499512,0.0012207031,3
3075,83.14,0.40503740310668945,0.027320862,5
3075,84.34,0.16910338401794434,0.005464554,7
3075,84.34,0.046727657318115234,0.0023956299,4
3075,85.80,0.152479887008667,0.0026760101,10
3075,84.62,0.11909604072570801,0.005428314,8
3075,83.58,0.09491443634033203,0.013050079,9
3075,85.07,0.10728764533996582,0.00938797,6
3075,85.94,0.07373166084289551,0.0044927597,9
3075,83.81,0.0982058048248291,0.032421112,10
3075,83.61,0.0816957950592041,0.00605011,5
3075,83.61,0.08097267150878906,0.0004081726,5
3075,83.28,0.0785062313079834,0.022619247,8
3075,82.88,0.17139673233032227,0.008895874,6
3075,84.80,0.1315011978149414,0.008268356,8
3075,82.76,0.08280038833618164,0.008703232,9
3075,84.90,0.15721607208251953,0.039974213,8
3075,50.69,0.39230847358703613,0.029914856,7
3075,54.35,0.07472634315490723,0.03681755,12
3075,58.30,0.07779145240783691,0.01657486,4
3075,62.42,0.1103358268737793,0.0005970001,5
3075,66.70,0.13254284858703613,0.07578468,17
3075,70.52,0.1195521354675293,0.00057029724,5
3075,74.72,0.06673216819763184,0.0033035278,5
3075,78.67,0.08576798439025879,0.003709793,6
3075,78.67,0.04688715934753418,0.0010528564,6
3075,79.26,0.11137819290161133,0.048480988,10
3075,80.39,0.043305158615112305,0.0011901855,6
3075,80.62,0.14008069038391113,0.0040397644,10
3075,81.16,0.055933475494384766,0.028336048,7
3075,81.70,0.17082834243774414,0.00017356873,7
3075,83.01,0.08551502227783203,0.003458023,8
3075,82.17,0.046029090881347656,0.015285492,8
3075,81.44,0.10708928108215332,0.004585266,8
3075,81.81,0.08411645889282227,0.0005569458,5
3075,81.65,0.118804931640625,0.0017242432,3
2640,81.90,0.08068299293518066,0.006869793,8
3075,79.69,0.4359269142150879,0.0033988953,7
3075,79.69,0.04549360275268555,0.014160156,3
3075,78.75,0.0725398063659668,0.016365051,7
3075,76.43,0.08065247535705566,0.00043678284,6
3075,77.32,0.1492021083831787,0.00045776367,3
3075,79.22,0.0457308292388916,0.0074310303,6
3075,77.95,0.12176251411437988,0.003704071,6
3075,77.97,0.05137133598327637,0.0011253357,5
3075,77.62,0.1663506031036377,0.0019989014,4
3075,80.17,0.09630990028381348,0.0010185242,6
3075,80.86,0.05163431167602539,0.019004822,8
3075,81.20,0.14051198959350586,0.0052776337,9
3075,82.08,0.05937933921813965,0.048480988,10
3075,82.08,0.04807019233703613,0.0035247803,5
3075,81.10,0.07661032676696777,0.016584396,6
3075,81.86,0.058721065521240234,0.015569687,12
3075,81.86,0.07024431228637695,0.009807587,5
3075,80.61,0.08606481552124023,0.026391983,9
3075,78.51,0.057793378829956055,0.023647308,7
3075,78.51,0.055268287658691406,0.030483246,8
3075,78.00,0.0452878475189209,0.01313974,17
3075,78.00,0.06270384788513184,0.01382637,7
3075,76.61,0.04357552528381348,0.023143768,7
3075,74.23,0.3532857894897461,0.011876106,10
3075,75.35,0.06118178367614746,0.0026550293,10
3075,77.57,0.16771841049194336,0.023773193,9
3075,77.57,0.05173921585083008,0.0018196106,4
3075,75.67,0.052861928939819336,0.038814545,5
3075,75.67,0.04710674285888672,0.0026626587,8
3075,74.35,0.09514999389648438,0.0018978119,14
3075,74.58,0.13050556182861328,0.0051612854,6
3075,77.40,0.07118654251098633,0.0002822876,3
3075,77.50,0.09085679054260254,0.0023403168,6
3075,78.39,0.07406210899353027,0.00044441223,5
3075,78.67,0.11515140533447266,0.0015296936,10
3075,78.70,0.052198171615600586,0.025310516,7
3075,78.34,0.1734304428100586,0.0009460449,6
3075,79.95,0.050920963287353516,0.054180145,6
3075,77.82,0.09345674514770508,0.03401184,7
3075,77.82,0.07444953918457031,0.013046265,6
3075,79.36,0.09798836708068848,0.017292023,6
3075,81.82,0.06210136413574219,0.041358948,9
3075,80.92,0.08728790283203125,0.020515442,6
3075,80.22,0.29981303215026855,0.033996582,9
3075,80.33,0.11500835418701172,0.0027179718,6
3075,80.69,0.06105756759643555,0.030029297,5
3075,79.91,0.08178019523620605,0.00076675415,4
3075,79.91,0.04932999610900879,0.0033473969,9
3075,78.17,0.09119367599487305,0.0012702942,6
3075,78.39,0.08021879196166992,0.001335144,9
3075,78.39,0.06058001518249512,0.0024719238,7
3075,77.41,0.08035612106323242,0.0009098053,9
3075,76.82,0.09098172187805176,0.021125793,7
3075,78.02,0.05890154838562012,0.0038070679,6
3075,77.66,0.08838272094726562,0.049865723,7
3075,77.66,0.05941438674926758,0.023822784,14
3075,76.75,0.07954859733581543,0.0007019043,3
3075,76.75,0.049831390380859375,0.048480988,11
3075,76.09,0.061101436614990234,0.0034370422,6
3075,75.18,0.1109771728515625,0.00047302246,4
3075,75.61,0.07737326622009277,0.0008068085,5
3075,75.66,0.0639185905456543,0.0033988953,4
3075,77.36,0.09778952598571777,0.030836105,9
3075,77.36,0.07639861106872559,0.0007247925,6
3075,75.92,0.06931304931640625,0.0010604858,6
3075,77.77,0.1174771785736084,0.0021123886,6
3075,77.75,0.3229045867919922,0.016479492,4
3075,79.45,0.05276346206665039,0.0020599365,4
3075,79.58,0.0873575210571289,0.0004386902,7
3075,79.58,0.06383037567138672,0.02558136,11
3075,79.29,0.05170917510986328,0.006381035,10
3075,79.29,0.05070614814758301,0.008241653,5
3075,77.02,0.044896602630615234,0.0011291504,3
3075,77.02,0.06052517890930176,0.0012626648,7
3075,75.42,0.09405875205993652,0.001625061,7
3075,74.60,0.046858787536621094,0.0024681091,7
3075,76.10,0.1815199851989746,0.004547119,6
3075,76.10,0.05340266227722168,0.002193451,3
3075,74.26,0.05810260772705078,0.0016536713,7
3075,74.46,0.09592437744140625,0.03132248,8
3075,45.89,0.2981140613555908,0.0570755,11
3075,61.38,0.30101513862609863,0.03654766,17
3075,66.47,0.07498288154602051,0.018859863,9
3075,74.74,0.1327531337738037,0.06724167,8
3075,78.70,0.10079264640808105,0.05493164,6
3075,82.58,0.10085773468017578,0.0011024475,3
3075,85.71,0.09690332412719727,0.0006008148,6
3075,85.71,0.06586289405822754,0.00056648254,6
3075,84.94,0.08586573600769043,0.014385223,8
3075,85.62,0.13336515426635742,0.0013008118,7
3075,85.55,0.06186532974243164,0.05611229,9
3075,85.55,0.04684638977050781,0.0025968552,8
3075,83.43,0.09551000595092773,0.018810272,11
3075,81.59,0.08594393730163574,0.0062179565,8
3075,79.88,0.0505976676940918,0.0051956177,9
3075,79.88,0.05274462699890137,0.021209717,8
3075,79.32,0.053594112396240234,0.006046295,9
3075,77.42,0.07517075538635254,0.008069992,7
3075,77.42,0.07631278038024902,0.027385712,6
3075,77.36,0.522064208984375,0.022785187,9
3075,77.36,0.050971269607543945,0.006611824,9
3075,77.07,0.05609297752380371,0.027385712,6
3075,77.07,0.05251646041870117,0.005935669,7
3075,75.20,0.10526728630065918,0.0036468506,6
3075,79.54,0.16739177703857422,0.001329422,7
3075,79.54,0.048221588134765625,0.014190674,8
3075,79.10,0.10172176361083984,0.0005083084,6
3075,80.74,0.04984736442565918,0.0037155151,6
3075,80.70,0.07783889770507812,0.044496536,9
3075,80.70,0.06958460807800293,0.034561157,6
3075,80.12,0.052755117416381836,0.01619339,7
3075,79.11,0.07770538330078125,0.0030593872,6
3075,79.11,0.045627593994140625,0.0039367676,7
3075,76.87,0.05225229263305664,0.0066280365,7
3075,76.87,0.08082771301269531,0.0019760132,5
3075,74.57,0.0985250473022461,0.0047187805,7
3075,78.95,0.17961931228637695,0.06842327,10
3075,79.02,0.09378743171691895,0.00012588501,5
3075,77.08,0.08778119087219238,0.009990692,8
3075,78.06,0.10683727264404297,0.024528503,9
3075,79.23,0.27913856506347656,0.00065231323,13
3075,79.71,0.062224626541137695,0.0006866455,5
3075,81.24,0.09399628639221191,0.001449585,3
3075,81.24,0.09605526924133301,0.01706314,14
3075,82.91,0.14727425575256348,0.03227997,14
3075,81.37,0.05830812454223633,0.008069992,7
3075,81.37,0.07654714584350586,0.0055351257,7
3075,79.93,0.045510292053222656,0.0020828247,6
3075,79.93,0.17694425582885742,0.007156372,6
3075,81.84,0.10756969451904297,0.002243042,7
3075,82.32,0.18050599098205566,0.01935196,9
3075,83.85,0.05835676193237305,0.007884979,6
3075,83.48,0.06910943984985352,0.0020561218,5
3075,83.68,0.09070634841918945,0.03370285,7
3075,83.68,0.0854792594909668,0.031520844,6
3075,83.02,0.0720529556274414,0.01351738,6
3075,81.11,0.046657562255859375,0.0072364807,8
3075,81.38,0.11881256103515625,0.0022964478,10
3075,82.24,0.07718563079833984,0.0009727478,2
3075,82.24,0.04288816452026367,0.0005722046,5
2640,80.82,0.06905794143676758,0.0015716553,4
3075,74.74,0.44193530082702637,0.013923645,4
3075,75.23,0.07415318489074707,0.0011310577,9
3075,75.31,0.07421255111694336,0.03918457,6
3075,75.31,0.07450008392333984,0.025606155,12
3075,74.83,0.051074981689453125,0.0007095337,6
3075,74.83,0.0540471076965332,0.00043201447,5
3075,74.39,0.05510234832763672,0.0027313232,5
3075,73.55,0.09793329238891602,0.0032548904,8
3075,77.28,0.21198391914367676,0.0005912781,10
3075,79.09,0.10406661033630371,0.005393982,9
3075,79.34,0.11002922058105469,0.013839722,7
3075,79.80,0.12618756294250488,0.0051288605,11
3075,81.37,0.09638595581054688,0.0029029846,12
3075,81.45,0.05869102478027344,0.006034851,8
3075,80.80,0.1436936855316162,0.05391121,10
3075,85.27,0.18053984642028809,0.00024986267,3
3075,86.55,0.07835817337036133,0.017241001,13
3075,86.04,0.061376333236694336,0.002609253,8
3075,86.04,0.07744288444519043,0.0059776306,4
2955,81.79,0.2721529006958008,0.041477203,8
2955,80.28,0.1907212734222412,0.00045776367,5
2955,79.56,0.09969472885131836,0.022678375,8
3075,78.82,0.2630581855773926,0.00828743,7
3075,78.82,0.07984471321105957,0.005455017,9
3075,77.86,0.07349491119384766,0.0038585663,6
3075,77.19,0.0699014663696289,0.0019721985,3
3075,77.97,0.07744860649108887,0.0054950714,7
3075,77.97,0.043508052825927734,0.05451584,10
3075,76.92,0.06868529319763184,0.0025615692,6
3075,76.92,0.06003451347351074,0.0036468506,5
3075,76.44,0.05536961555480957,0.012207031,4
3075,76.57,0.07978391647338867,0.0047569275,8
3075,75.53,0.0807199478149414,0.038015366,12
3075,75.53,0.07405757904052734,0.00092315674,7
3075,75.26,0.10733580589294434,0.022584915,11
3075,76.54,0.07501459121704102,0.0036697388,6
3075,75.21,0.061745643615722656,0.026016235,8
3075,74.19,0.08328413963317871,0.017101288,7
3075,74.19,0.04737663269042969,0.0206604,7
3060,54.85,0.4277346134185791,0.037750244,9
3060,65.15,0.24131417274475098,0.020202637,10
3060,101.52,0.859635591506958,0.0077667236,10
3060,101.45,0.13088202476501465,0.0036506653,8
3060,99.68,0.07802104949951172,0.00037765503,4
3060,98.65,0.09473872184753418,0.0010261536,7
3060,96.70,0.05794072151184082,0.0046577454,5
3060,94.61,0.16313743591308594,0.0029621124,6
3060,92.44,0.10921955108642578,0.02576065,10
3060,90.83,0.1195979118347168,0.0016098022,8
3060,87.74,0.10106325149536133,0.00040245056,7
3060,86.42,0.12285375595092773,0.0057849884,8
3060,84.44,0.12733006477355957,0.08710098,10
3060,83.78,0.054274797439575195,0.0017089844,3
3060,85.64,0.20004653930664062,0.020206451,13
3060,85.64,0.06678938865661621,0.017066954,16
3060,90.52,0.48577284812927246,0.001953125,1
3060,90.46,0.06116771697998047,0.0026245117,5
3060,94.06,0.29724574089050293,0.0061740875,10
3060,94.06,0.08104276657104492,0.0039405823,8
3060,92.08,0.12450718879699707,0.00065231323,10
3060,93.52,0.16479754447937012,0.006679535,6
3060,92.06,0.23770761489868164,0.0038528442,3
3060,90.10,0.16606760025024414,0.017848969,6
3060,90.93,0.06036829948425293,0.06951141,10
3060,90.01,0.2259526252746582,0.00023651123,4
3060,90.84,0.17334198951721191,0.0022602081,9
3060,90.07,0.4675710201263428,0.010185242,7
3060,89.89,0.09085869789123535,0.0014228821,8
3060,92.11,0.340773344039917,0.00016021729,5
3060,102.15,1.1130945682525635,0.060646057,10
3060,101.96,0.5176422595977783,0.0045337677,10
3060,100.05,0.19527721405029297,0.002632141,11
3060,99.62,0.6654617786407471,0.015766144,5
3060,102.70,0.74285888671875,0.0040359497,6
3060,101.54,0.07445120811462402,0.0056972504,9
3060,101.13,0.5464751720428467,0.0102443695,8
3060,98.89,0.09364748001098633,0.0039138794,8
3060,96.88,0.31289219856262207,0.0022239685,9
3060,96.88,0.07280588150024414,0.00022506714,5
3060,100.10,1.0342309474945068,0.0019683838,4
3060,101.24,0.14970827102661133,0.002494812,7
3060,100.88,0.4772806167602539,0.000957489,6
3060,99.03,0.09493541717529297,0.02734375,4
3060,97.16,0.2688760757446289,0.0017471313,5
3060,98.25,0.7671816349029541,0.0015296936,8
3060,100.40,0.348191499710083,0.04336548,9
3060,99.98,0.274186372756958,0.003484726,7
3060,98.82,0.12628698348999023,0.0015411377,5
3060,97.29,0.3587040901184082,0.0068855286,10
3060,97.29,0.16660833358764648,0.020347595,9
3060,94.50,0.15220069885253906,0.0020332336,7
3060,94.50,0.06959795951843262,0.0013542175,6
3060,96.32,0.4683980941772461,0.009632111,7
3060,94.29,0.09181904792785645,0.0028209686,7
3060,91.79,0.1220090389251709,0.0063495636,5
3060,90.90,0.09994745254516602,0.026828766,7
3060,91.53,0.24451661109924316,0.032989502,5
3060,91.53,0.05756640434265137,0.0041942596,10
3060,91.53,0.07912564277648926,0.013246536,8
3060,93.96,0.5882511138916016,0.0011024475,4
3060,96.04,0.33198094367980957,0.0035896301,8
3060,98.00,0.1713695526123047,0.0064353943,11
3060,97.97,0.45280933380126953,0.0016155243,6
3060,98.08,0.337308406829834,0.0029563904,4
3060,95.98,0.08877372741699219,0.0455842,10
3060,96.08,0.10105705261230469,0.024307251,10
3060,95.93,0.28166842460632324,0.05035782,8
3060,96.06,0.388948917388916,0.0014457703,4
3060,101.68,0.7056231498718262,0.0020141602,2
3060,101.42,0.07887053489685059,0.006717682,7
3060,99.64,0.1611945629119873,0.0033721924,4
3060,97.38,0.0752418041229248,0.0029411316,4
3060,97.44,0.19052958488464355,0.00630188,5
3060,97.17,0.08509230613708496,0.0043678284,8
3060,93.97,0.217637300491333,0.002254486,8
3060,92.01,0.19294285774230957,0.06347656,5
3060,91.08,0.11835289001464844,0.0031776428,7
3060,91.73,0.12952947616577148,0.008888245,6
3060,92.13,0.23398518562316895,0.002632141,6
3060,92.40,0.16328954696655273,0.0065898895,6
3060,92.40,0.048516273498535156,0.06347656,5
3060,89.07,0.3414304256439209,0.029663086,8
3060,88.13,0.168975830078125,0.024384975,16
3060,88.11,0.09669709205627441,0.042461395,8
3060,90.96,0.3136279582977295,0.0036621094,5
3060,90.96,0.08883833885192871,0.04832077,7
3060,88.36,0.10080099105834961,0.00998497,12
3060,91.55,0.14423441886901855,0.009212494,9
3060,91.55,0.06079244613647461,0.049268723,10
3060,89.91,0.11039423942565918,0.05739212,10
3060,89.93,0.11413884162902832,0.008857727,11
3060,89.93,0.07326269149780273,0.015886307,7
3060,89.06,0.14670562744140625,0.022857666,5
3060,92.70,0.5243082046508789,0.007106781,9
3060,91.86,0.08315682411193848,0.0043754578,11
3060,92.56,0.06583142280578613,0.001159668,10
3060,92.12,0.1449451446533203,0.010183334,10
3060,94.51,0.17987489700317383,0.018032074,9
3060,93.61,0.06199193000793457,0.0034065247,5
3060,89.58,1.0275859832763672,0.009025574,7
3060,100.81,0.26416873931884766,0.0018005371,5
3060,101.76,0.0909721851348877,0.004360199,11
3060,99.79,0.06369972229003906,0.015323639,4
3060,97.71,0.3513972759246826,0.004108429,8
3060,95.54,0.06164813041687012,0.01259613,9
3060,93.47,0.10884690284729004,0.017139435,6
3060,92.33,0.17812895774841309,0.013641357,9
3060,92.33,0.06065630912780762,0.07458305,13
3060,95.35,0.46918201446533203,0.0015869141,4
3060,93.14,0.159759521484375,0.0031909943,6
3060,92.56,0.09334063529968262,0.038856506,9
3060,92.56,0.05750107765197754,0.037334442,8
3060,91.70,0.14136648178100586,0.0067806244,8
3060,92.70,0.10014152526855469,0.00018119812,4
3060,93.25,0.34434938430786133,0.0015411377,6
3060,93.25,0.05631756782531738,0.0014915466,6
3060,89.32,0.15558886528015137,0.0017242432,4
3060,89.22,0.05544877052307129,0.0012874603,7
3060,90.48,0.23492836952209473,0.0018463135,5
3060,90.48,0.055126190185546875,0.0005874634,6
3060,90.89,0.11951732635498047,0.002216339,4
3060,98.80,0.7801949977874756,0.0016059875,8
3060,101.24,0.3030507564544678,0.03398609,10
3060,102.18,0.2850511074066162,0.0046310425,8
3060,100.75,0.05711102485656738,0.002773285,8
3060,98.27,0.07467222213745117,0.0015392303,8
3060,98.27,0.06596541404724121,0.0014533997,5
3060,94.69,0.32112717628479004,0.005115509,8
3060,94.69,0.05620074272155762,0.008525848,9
3060,92.21,0.23754143714904785,0.00062942505,10
3060,93.17,0.40038228034973145,0.0026054382,9
3060,94.59,0.07977819442749023,0.001200676,8
3060,95.42,0.0802009105682373,0.0005760193,4
3060,93.56,0.05281686782836914,0.0034599304,6
3060,92.58,0.20999526977539062,0.0032482147,8
3060,94.79,0.3308231830596924,0.0032072067,12
3060,94.31,0.07522916793823242,0.0009803772,4
3060,94.31,0.07435417175292969,0.024475098,8
3060,91.80,0.25403451919555664,0.0008368492,9
3060,94.40,0.15663361549377441,0.0031700134,8
3060,94.40,0.0777740478515625,0.0015888214,7
3060,93.09,0.07454156875610352,0.007358551,4
3060,92.48,0.26436614990234375,0.03791809,11
3060,93.25,0.3735642433166504,0.0011253357,5
3060,91.95,0.19596195220947266,0.001039505,12
3060,95.08,0.2208852767944336,0.0439806,9
3060,95.84,0.1513223648071289,0.0070724487,5
3060,93.38,0.13399219512939453,0.00061893463,9
3060,93.38,0.07384204864501953,0.020122528,9
3060,91.90,0.09499263763427734,0.00015354156,5
3060,92.00,0.1522994041442871,0.00057029724,7
3060,92.87,0.333263635635376,0.015943527,7
3060,92.08,0.1917264461517334,0.000289917,5
3060,92.08,0.05121445655822754,0.002948761,4
3060,91.79,0.1810159683227539,0.0033302307,8
3060,93.64,0.213395357131958,0.0019569397,5
3060,95.27,0.46471500396728516,0.0010643005,9
3060,95.44,0.15882349014282227,0.0013656616,5
3060,98.73,0.2929387092590332,0.004787445,7
3060,97.32,0.11621713638305664,0.0051841736,7
3060,97.32,0.04781484603881836,0.008525848,9
3060,94.62,0.08765244483947754,0.0033950806,8
3060,93.60,0.08848428726196289,0.01952362,5
3060,91.52,0.2298283576965332,0.0010824203,7
3060,90.09,0.08878612518310547,0.0036811829,6
3060,91.96,0.4615793228149414,0.026031494,7
3060,91.57,0.11562442779541016,0.0014801025,9
3060,93.09,0.07819104194641113,0.041175842,10
3060,95.83,0.18456482887268066,0.009147644,7
3060,95.83,0.08468270301818848,0.0033493042,5
3060,93.52,0.11710453033447266,0.0016021729,5
3060,93.80,0.15869641304016113,0.059562683,4
3060,92.18,0.08555984497070312,0.0012969971,6
3060,90.29,0.05794239044189453,0.0043754578,4
3060,90.29,0.06097054481506348,0.0023231506,5
3060,90.58,0.34256529808044434,0.03842163,9
3060,90.42,0.13347339630126953,0.028202057,7
3060,88.74,0.06391072273254395,0.0068473816,6
3060,89.53,0.15504741668701172,0.0001487732,5
3060,90.61,0.17369818687438965,0.021072388,14
3060,95.49,0.27537989616394043,0.022773743,7
3060,95.49,0.050902366638183594,0.020523071,7
3060,93.54,0.39704298973083496,0.03302288,9
3060,95.21,0.21293282508850098,0.008638382,8
3060,97.12,0.2792398929595947,0.0015792847,6
3060,95.28,0.07967948913574219,0.0042915344,6
3060,93.25,0.08241677284240723,0.0044555664,6
3060,95.05,0.10101842880249023,0.0044879913,10
3060,93.36,0.13147997856140137,0.0066490173,7
3060,92.81,0.2647273540496826,0.0038452148,6
3060,92.81,0.07049417495727539,0.001411438,6
3060,90.62,0.12503409385681152,0.009935379,8
3060,89.08,0.09354209899902344,0.025149345,7
3060,87.62,0.17092180252075195,0.013332367,10
3060,91.69,0.2314765453338623,0.0028133392,8
3060,91.42,0.1420893669128418,0.0019187927,3
3060,91.18,0.049683570861816406,0.003932953,3
3060,92.91,0.3554666042327881,0.0030269623,7
3060,96.77,0.38904428482055664,0.0033721924,7
3060,57.62,0.43858766555786133,0.025112152,10
3060,61.86,0.09125876426696777,0.005016327,8
3060,65.33,0.07302498817443848,0.000541687,6
3060,76.10,0.2676994800567627,0.016555786,8
3060,92.02,0.3077242374420166,0.007511139,8
3060,95.04,0.1326305866241455,0.0006790161,8
3060,98.11,0.408113956451416,0.058164597,12
3060,99.49,0.47148942947387695,0.0025520325,10
3060,101.43,0.3799450397491455,0.043288708,11
3060,99.31,0.14356756210327148,0.0017967224,6
3060,97.37,0.17237257957458496,0.00016403198,4
3060,97.55,0.18164682388305664,0.0644989,5
3060,95.80,0.08399724960327148,0.0015296936,6
3060,94.77,0.17651796340942383,0.002981186,6
3060,94.77,0.05871701240539551,0.010726929,4
3060,91.83,0.19117283821105957,0.046147346,9
3060,90.42,0.07207942008972168,0.0043621063,9
3060,96.04,0.5861794948577881,0.0068149567,7
3060,96.18,0.19227981567382812,0.011100769,8
3060,96.18,0.04992079734802246,0.004676819,7
3060,98.04,0.2642178535461426,0.0004081726,6
3060,98.09,0.31363797187805176,0.0021018982,7
3060,96.21,0.13799428939819336,0.0061035156,5
3060,95.61,0.05587196350097656,0.0030059814,6
3060,93.71,0.25690722465515137,0.0017280579,4
3060,94.46,0.08887004852294922,0.006290436,9
3060,93.55,0.15136361122131348,0.014907837,6
3060,91.49,0.13736581802368164,0.007183075,7
3060,91.08,0.11355733871459961,0.012685776,9
3060,91.08,0.06191587448120117,0.02898407,10
3060,87.84,0.0933530330657959,0.01333046,10
3060,87.90,0.12418818473815918,0.007911682,7
3060,90.11,0.1310274600982666,0.0043792725,4
3060,90.11,0.06060075759887695,0.01187706,6
3060,88.93,0.2846653461456299,0.0019760132,6
3060,92.32,0.5302631855010986,0.07320118,8
3060,93.09,0.07454729080200195,0.023216248,9
3060,92.43,0.1504218578338623,0.0152282715,7
3060,92.43,0.05404472351074219,0.005224228,8
3060,92.46,0.0725562572479248,0.040143967,13
3060,90.79,0.15793776512145996,0.02208519,8
3060,91.16,0.18140649795532227,0.014390945,13
3060,92.85,0.20230698585510254,0.0016593933,8
3060,95.06,0.3499135971069336,0.0018234253,4
3060,93.08,0.07772946357727051,0.009542465,8
3060,96.62,0.22278165817260742,0.036406517,14
3060,95.18,0.0856328010559082,0.037107468,6
3060,96.30,0.34068822860717773,0.003479004,4
3060,95.96,0.37822484970092773,0.058914185,7
3060,95.94,0.1407623291015625,0.013513565,9
3060,96.35,0.11821532249450684,0.006105423,15
3060,96.23,0.1408693790435791,0.005836487,5
3060,96.64,0.3496668338775635,0.0067977905,5
3060,97.65,0.10966992378234863,0.0013504028,5
3060,94.81,0.2071857452392578,0.0043792725,4
3060,94.81,0.08543992042541504,0.004183769,9
3060,94.05,0.06627678871154785,0.0027627945,9
3060,95.11,0.30955958366394043,0.00015258789,3
3060,95.16,0.16813969612121582,0.0043640137,7
3060,93.79,0.16463398933410645,0.058164597,12
3060,94.97,0.24900054931640625,0.015930176,6
3060,99.10,0.28307127952575684,0.006802559,7
3060,97.13,0.22338199615478516,0.030042648,11
3060,98.63,0.2651042938232422,0.00018501282,4
3060,98.67,0.339813232421875,0.035556793,9
3060,98.54,0.0687110424041748,0.0037002563,4
3060,98.54,0.3057715892791748,0.0009613037,10
3060,96.13,0.06911301612854004,0.0072898865,7
3060,96.69,0.3575770854949951,0.007972717,6
3060,96.70,0.07961654663085938,0.0018539429,5
3060,96.70,0.055997610092163086,0.032744408,8
3060,92.77,0.11510252952575684,0.0072727203,8
3060,94.30,0.33858442306518555,0.03207779,8
3060,91.93,0.09947586059570312,0.0005912781,6
3060,93.75,0.19234395027160645,0.0014801025,7
3060,91.52,0.07734942436218262,0.004890442,4
3060,93.91,0.31632065773010254,0.0016174316,6
3060,93.06,0.15978384017944336,0.005279541,8
3060,94.37,0.039441585540771484,0.0049333572,8
3060,91.43,0.10761451721191406,0.0011787415,8
3060,92.71,0.2593376636505127,0.00011062622,5
3060,91.01,0.17650127410888672,0.0004787445,5
3060,91.49,0.08496642112731934,0.043391943,14
3060,91.01,0.05709981918334961,0.0008354187,7
3060,91.07,0.49215102195739746,0.044487,9
3060,91.57,0.12290096282958984,0.0028715134,6
3060,89.64,0.15964031219482422,0.020328522,10
3060,89.32,0.07537841796875,0.00061035156,2
3060,87.88,0.10921311378479004,0.0020980835,5
3060,93.98,0.46898722648620605,0.0020370483,6
3060,93.75,0.12419390678405762,0.0068511963,10
3060,92.08,0.07494139671325684,0.0020370483,4
3060,92.09,0.08570456504821777,0.023605347,7
3060,92.22,0.1443471908569336,0.0014772415,5
3060,94.42,0.2159595489501953,0.0007686615,8
3060,94.59,0.3336625099182129,0.00390625,2
3060,94.58,0.21865415573120117,0.0025892258,9
3060,98.75,0.3219289779663086,0.014698029,7
3060,98.33,0.04600214958190918,0.004272461,4
3060,96.63,0.13031387329101562,0.011375427,9
3045,106.54,17.52419924736023,0.0041885376,5
3045,106.40,17.636789321899414,0.0010757446,6
3045,106.28,1.338590383529663,0.001708746,4
3045,106.48,2.102027654647827,0.005634308,9
3045,105.23,1.2091693878173828,0.020925522,11
3045,105.23,0.06287360191345215,0.0070352554,9
3045,101.24,0.4424855709075928,0.00022888184,5
3045,99.12,0.31122779846191406,0.015640259,2
3045,100.79,0.6443982124328613,0.00093078613,3
3045,103.66,0.9356024265289307,0.0019989014,9
3045,103.75,0.6470358371734619,0.00015640259,7
3045,101.18,0.40355420112609863,0.03363037,12
3045,100.99,0.332913875579834,0.0031318665,10
3045,101.29,0.7667415142059326,0.035095215,10
3045,101.44,0.3639223575592041,0.008426666,6
3045,100.75,0.25374269485473633,0.0019378662,2
3045,98.75,0.1369168758392334,0.0007305145,7
3045,96.90,0.08364629745483398,0.0009422302,5
3045,97.18,0.42299532890319824,0.026500702,7
3045,100.30,0.6339819431304932,0.026117325,13
3045,102.45,0.24029040336608887,0.0002975464,4
3045,100.26,0.25889015197753906,0.0005340576,6
3045,104.01,0.9637694358825684,0.009283066,6
3045,101.76,0.16717290878295898,0.0038375854,3
3045,106.48,5.72348427772522,0.009338379,6
3045,104.48,0.2919301986694336,0.0014839172,5
3045,101.85,0.32939720153808594,0.010629654,7
3045,99.96,0.12564659118652344,0.00242424,4
3045,99.32,0.52880859375,0.009025574,6
3045,102.51,0.5060081481933594,0.0028762817,5
3045,106.21,1.3433525562286377,0.004764557,13
3045,104.71,0.9973325729370117,0.0010280609,10
3045,104.22,0.28867411613464355,0.01424408,6
3045,102.23,0.3544046878814697,0.011674881,15
3045,100.08,0.31649136543273926,0.0014743805,5
3045,100.21,0.28128838539123535,0.0030708313,9
3045,102.06,0.7432715892791748,0.000579834,4
3045,102.11,0.36791110038757324,0.014932632,10
3045,101.85,0.11339879035949707,0.035747528,10
3045,99.47,0.5434441566467285,0.0009460449,2
3045,106.36,2.4053266048431396,0.0029067993,5
3045,104.43,0.29642629623413086,0.0015716553,7
3045,102.56,0.16521573066711426,0.003938675,5
3045,100.42,0.29216814041137695,0.0026664734,8
3045,104.36,1.1723320484161377,0.00037384033,4
3045,104.17,0.22675848007202148,0.0018424988,7
3045,102.38,0.16911578178405762,0.035118103,4
3045,100.30,0.14013314247131348,0.0018844604,6
3045,102.22,0.893261194229126,0.0017719269,7
3045,104.31,0.3309934139251709,0.00028657913,9
3045,102.36,0.09454059600830078,0.0012388229,7
3045,106.31,1.3794324398040771,0.004005432,6
3045,104.40,0.46070027351379395,0.0004787445,4
3045,102.22,0.5986435413360596,0.0015821457,5
3045,100.79,0.05421924591064453,0.007648468,9
3045,100.10,0.08318686485290527,0.0034885406,14
3045,98.13,0.12254571914672852,0.045440674,7
3045,100.60,0.9579641819000244,0.0023174286,7
3045,103.87,0.6661777496337891,0.00060272217,4
3045,106.64,1.3049962520599365,0.002114296,7
3045,104.87,0.18823909759521484,0.0024051666,9
3045,102.81,0.8294947147369385,0.0013542175,7
3030,107.16,64.70258593559265,0.020299911,13
3030,106.42,12.679516553878784,0.00054454803,7
3030,106.62,11.327423095703125,0.0016441345,7
3030,106.55,7.435812950134277,0.006116867,6
3030,107.06,9.980623483657837,0.0017709732,6
3030,107.07,27.551553964614868,0.0023593903,9
3030,107.59,5.197692394256592,0.00051116943,7
3030,107.21,95.82018780708313,0.0025820732,8
3030,107.22,22.357236623764038,0.08283806,10
3030,107.79,28.621214151382446,0.019680023,10
3030,107.28,17.630290031433105,0.047697067,8
3030,107.18,37.81315779685974,0.0114860535,7
3030,105.71,0.6979596614837646,0.00034999847,4
3030,107.84,28.014281511306763,0.00016975403,6
3030,107.49,24.681032180786133,0.033164978,5
3015,106.23,65.83509397506714,0.004090309,7
3015,107.62,62.975769996643066,0.002670288,9
3015,105.96,163.88166618347168,0.02158165,7
3015,106.81,61.04146957397461,0.037872314,8
