Frequency (MHz),Power (Watts),Error Time (s),Error Distance,Hamming Distance,Error Iterations Since Last Error
3075,42.79,0.26967394199891714,3240099840,1,381
3075,42.79,0.013049604000116233,18446744069156765696,2,1
3075,42.79,0.01505121400077769,9329523287950753792,2,2
3075,42.79,0.016208433000429068,18446744073067954176,2,4
3075,42.79,0.016011636000257568,13234029815167713280,1,5
3075,42.79,0.015503804999752901,18446744071805861888,2,3
3075,43.84,0.01820428099927085,18446744070121455616,1,3
3075,43.84,0.013635870000143768,18446744072125415424,1,1
3075,43.84,0.01464050499998848,18446744073421062144,2,2
3075,43.84,0.01780936099930841,11586495203116056576,2,7
3075,43.84,0.013470618001520052,18446744073603907584,1,1
3075,43.84,0.01348875699841301,18446744071652376576,1,1
3075,44.72,0.015151712001170381,18446744069475270656,2,1
3075,44.72,0.01985566999974253,198180864,1,5
3075,44.72,0.017210910000358126,18446744072196456448,1,3
3075,44.72,0.016659250999509823,18446744073607184384,1,5
3075,44.72,0.0126142080007412,18446744071599292416,1,1
3075,44.72,0.01790485899982741,1036779520,2,3
3075,45.52,0.015439803999470314,2558525440,1,1
3075,45.52,0.014424744000280043,18446744072634368000,2,1
3075,45.52,0.015525167998930556,10748034024766177280,1,1
3075,45.52,0.015533155001321575,10892228377679233024,1,2
3075,45.52,0.016254955999102094,18446744072069709824,1,2
3075,45.52,0.016162228001121548,923686524355084288,1,2
3075,45.52,0.01538904500011995,18446744072327397376,1,1
3075,46.12,0.015849686998990364,18446744070634340352,1,1
3075,46.12,0.01624348800032749,532807680,1,4
3075,46.12,0.015379922999272821,1592786944,1,1
3075,46.12,0.013323541001227568,18446744073608757248,3,1
3075,46.12,0.017743380998581415,7185862641376559104,1,3
3075,46.12,0.013605291000203579,8093742586570735616,1,1
3075,46.67,0.01490915300018969,532807680,1,1
3075,46.67,0.015910621999864816,18446744073043705856,2,1
3075,46.67,0.016509099999893806,8032864826764034048,1,6
3075,46.67,0.016350459000022965,2912550912,1,4
3075,46.67,0.013435742999718059,18446744071959609344,1,1
3075,46.67,0.014934400000129244,18446744072432123904,1,1
3075,46.67,0.015269904000888346,3308126208,1,1
3075,47.20,0.015309926000554697,18446744071822508032,1,1
3075,47.20,0.017871174999527284,18446744071888306176,1,3
3075,47.20,0.013523153000278398,15451586438717505536,1,2
3075,47.20,0.016827153998747235,9309987164844457984,1,2
3075,47.20,0.015393768000649288,10778820350343905280,1,1
3075,47.20,0.016501568999956362,8831031103692210176,2,2
3075,47.66,0.014707083000757848,10892228377679233024,1,2
3075,47.66,0.01478457399934996,1199964160,1,4
3075,47.66,0.014933358999769553,2804547584,1,2
3075,47.66,0.012976273999811383,18446744070887047168,1,1
3075,47.66,0.01545586199972604,17610701820227747840,1,1
3075,47.66,0.014535517000695108,8632934292739063808,1,1
3075,47.66,0.015184665999186109,18446744071732199424,1,1
3075,56.63,0.016986555001494708,18446744073186312192,1,2
3075,56.63,0.014347465999890119,18446744071119699968,1,3
3075,56.63,0.012948911999046686,14793937747872055296,2,1
3075,56.63,0.015052151000418235,1338507264,1,1
3075,56.63,0.015368025999123347,2712928256,1,1
3075,56.63,0.015425395000420394,14138039479432118272,1,1
3075,57.08,0.01675100600004953,18446744071746617344,1,2
3075,57.08,0.015350346000559512,18446744072207073280,1,2
3075,57.08,0.01548608399934892,1968832512,1,2
3075,57.08,0.01876390700090269,6365169570218508288,1,4
3075,57.08,0.023722480998912943,18446744073607577600,1,8
3075,57.08,0.013983036000354332,1056047104,1,1
3075,56.90,0.015105890999620897,1101529088,1,2
3075,56.90,0.015852268001253833,18446744071943094272,2,1
3075,56.90,0.015082043999427697,1535115264,1,2
3075,56.90,0.015396021999549703,241696768,2,1
3075,56.90,0.016460900000311085,13976437658428112896,1,4
3075,56.90,0.015170201000728412,14268265636625907712,1,2
3075,56.90,0.01567109999996319,18446744070504316928,2,1
3075,56.57,0.013844331999280257,620968980948975616,2,1
3075,56.57,0.012760059000356705,9842150792688041984,2,1
3075,56.57,0.015036266000606702,18446744070917062656,1,1
3075,56.57,0.01624506299958739,314048512,1,2
3075,56.57,0.015719973998784553,2015363072,1,1
3075,56.57,0.014056335001441767,5889934256414654464,2,1
3075,56.42,0.016105914999570814,448004096,1,3
3075,56.42,0.015714240998931928,695861248,1,1
3075,56.42,0.013295351000124356,1441398784,1,2
3075,56.42,0.015909190000456874,33554432,1,5
3075,56.42,0.01466859399988607,12764239284000653312,2,3
3075,56.42,0.013923358999818447,183894016,2,1
3075,56.42,0.01382570200075861,2343960576,1,3
3075,56.47,0.01694399999905727,1233125376,1,4
3075,56.47,0.01349202600067656,18446744071732199424,1,1
3075,56.47,0.015097614999831421,442499072,1,1
3075,56.47,0.014258948000133387,18446744073379774464,1,3
3075,56.47,0.015138467000724631,1083703296,1,3
3075,56.47,0.01898302299923671,2942697472,1,5
3075,56.46,0.01594260999991093,1082130432,1,5
3075,56.46,0.016141074000188382,18446744072287420416,1,3
3075,56.46,0.012712566000118386,18446744073160491008,1,1
3075,56.46,0.020515273999990313,18446744071732199424,1,6
3075,56.46,0.014531406999594765,478281728,1,4
3075,56.46,0.015751347000332316,18446744071240941568,1,1
3075,56.46,0.012866637000115588,18446744071819231232,1,1
3075,56.60,0.016675520999342552,307232768,1,2
3075,56.60,0.0140666040006181,1068236800,1,1
3075,56.60,0.017047839999577263,3833987072,1,2
3075,56.60,0.014835236999715562,18446744072015577088,1,3
3075,56.60,0.013637118001497583,10557325931951685632,1,2
3075,56.60,0.014479123999990406,18446744071100694528,1,1
3075,56.58,0.01691181899877847,18446744073458810880,1,2
3075,56.58,0.01841844100090384,10892228377600720896,2,6
3075,56.58,0.014741101998879458,9160128128025100288,1,3
3075,56.58,0.014114314000835293,970457088,1,3
3075,56.58,0.015998327999113826,18446744073393012736,1,4
3075,56.58,0.013373327999943285,52690944,1,1
3075,56.58,0.01629400700039696,14268265636625907712,1,2
3075,56.67,0.014238178000596236,18446744072031830016,2,2
3075,56.67,0.01427196999975422,18446744073631039488,1,2
3075,56.67,0.015443419999428443,402915328,1,1
3075,56.67,0.014702290000059293,12679858362582564864,1,1
3075,56.67,0.024432584001260693,18446744072378515456,1,8
3075,56.67,0.012905767998745432,18369426416044343296,3,1
2640,56.72,0.01797690000057628,14019274631446265856,1,3
3075,57.20,0.2176341329995921,2237792256,2,290
3075,57.20,0.017758711999704246,13866240205045891072,1,3
3075,57.20,0.01597504600067623,894042112,1,1
3075,57.20,0.017063314999177237,16097580306361483264,1,4
3075,57.20,0.015487069000300835,371851264,1,1
3075,57.24,0.023459031001038966,18446744070186336256,1,8
3075,57.24,0.013074384998617461,3187671040,1,2
3075,57.24,0.01288660600039293,8240197535390498816,1,1
3075,57.24,0.01630357800058846,18446744072432123904,1,2
3075,57.24,0.017721017999065225,7073343019436474368,1,3
3075,57.24,0.014423999000428012,759300096,1,2
3075,57.29,0.015197622000414412,513277952,1,1
3075,57.29,0.014710376999573782,18446744071959609344,1,1
3075,57.29,0.01424238400068134,18446744071041318912,1,2
3075,57.29,0.015691184000388603,18446744071637565440,1,1
3075,57.29,0.01563503799843602,18446744072971354112,1,1
3075,57.29,0.015985334001015872,2397524686784167936,1,1
3075,57.29,0.01327196400052344,16581752450675900416,2,1
3075,57.29,0.014323321000119904,18446744071561019392,2,2
3075,57.29,0.015511458999753813,18446744072944091136,1,1
3075,57.29,0.014098206998824026,503971840,1,1
3075,57.29,0.016568453000218142,18446744072576172032,1,4
3075,57.29,0.01510315900122805,3488600861351870464,1,1
3075,57.29,0.013324503999683657,503971840,1,1
3075,57.29,0.018041029999949387,3316514816,1,3
3075,57.17,0.014072738998947898,4909961532810461184,1,2
3075,57.17,0.01714608900147141,18446744071959609344,1,4
3075,57.17,0.014283517999501782,18446744072069709824,1,2
3075,57.17,0.01670511100019212,665190400,1,3
3075,57.17,0.014165220998620498,532807680,1,1
3075,57.17,0.013103626000884105,18446744073245032448,1,1
3075,57.10,0.01554104900060338,503971840,1,1
3075,57.10,0.015535934999206802,18446744072423342080,1,3
3075,57.10,0.015461705999769038,9102249835938971648,1,1
3075,57.10,0.014123910001217155,18446744072838447104,1,1
3075,57.10,0.014003294998474303,18446744073612689408,2,1
3075,57.10,0.018011742000453523,3128950784,1,4
3075,57.10,0.01608503799980099,63963136,1,2
3075,57.01,0.015091496999957599,18446744073195487232,1,1
3075,57.01,0.019509384999764734,18446744072737914880,1,7
3075,57.01,0.015254312000251957,18446744072022261760,1,1
3075,57.01,0.014991504000136047,18446744071959609344,1,1
3075,57.01,0.012542177000796073,18446744070636306432,1,1
3075,57.01,0.015282947999367025,18446744070186336256,1,1
3075,57.05,0.013142359000994475,18446744073541779456,1,1
3075,57.05,0.015267965998646105,18446744072373141504,2,1
3075,57.05,0.016725655001209816,425721856,1,2
3075,57.05,0.01761434899890446,18446744073256566784,1,3
3075,57.05,0.015541929000391974,18446744071948486656,1,1
3075,57.05,0.014270530000430881,2379369550786330624,1,2
3075,57.05,0.014195326999470126,18446744071423524864,1,1
3075,56.89,0.013292501000250923,11594209377442463744,2,1
3075,56.89,0.015897228000540053,2323906560,1,4
3075,56.89,0.017819186999986414,18446744068387110912,2,3
3075,56.89,0.015555401998426532,929693696,2,1
3075,56.89,0.01701640000101179,2224039346206932992,2,2
3075,57.01,0.05097249900063616,18446744073482797056,2,2
3075,57.01,0.01659728499907942,704643072,1,2
3075,57.01,0.014172110999425058,18446744071753302016,1,1
3075,57.01,0.015197505001196987,18446744070037307392,2,1
3075,57.01,0.014391634998901282,15731478118684164096,4,1
3075,56.91,0.014395387001059134,18446744072185184256,2,1
3075,56.91,0.015113856999960262,18446744071435976704,1,3
3075,56.91,0.01309112699891557,4432456827006877696,1,2
3075,56.91,0.014913691000401741,8812436163043262464,1,2
3075,56.91,0.013720569000724936,3530162176,1,1
3075,56.91,0.01236700200024643,18446744072966373376,1,1
3075,56.91,0.0164844049995736,721420288,1,3
3075,56.72,0.020227679000527132,2606759936,1,5
3075,56.72,0.014315749998786487,18446744072080326656,1,2
3075,56.72,0.014104032999966876,2295201792,2,1
3075,56.72,0.014203228000042145,9428373780830355456,1,2
3075,56.72,0.016541062999749556,2099773440,1,2
3075,56.72,0.017923106001035194,3192913920,1,3
3075,56.56,0.012840092000260483,18446744070634340352,1,1
3075,56.56,0.014291030998720089,18446744073284878336,1,1
3075,56.56,0.01646687100037525,18446744073540730880,2,2
3075,56.56,0.015556734000711003,2839674880,1,1
3075,56.56,0.014697205999254948,10659061543846543360,1,2
3075,56.56,0.015275075000317884,6286849157948768256,1,1
3075,56.56,0.014324847999887425,18446744072396210176,1,1
3075,56.49,0.012550175000797026,2235957248,2,1
3075,56.49,0.01556866999999329,2783182848,2,1
3075,56.49,0.01363667699843063,2108686336,2,1
2955,41.53,0.2236048579998169,16044460700600369152,1,316
2955,45.40,0.13414595699941856,7454372176972480512,1,185
3060,45.40,0.03489588999946136,10482233685821095936,1,32
3060,45.40,0.02319721300045785,2045247488,1,16
3060,45.40,0.02641299000060826,889192448,1,21
3060,46.95,0.0487361969990161,1797128192,1,51
3060,46.95,0.024574016000769916,18417541044875821056,1,12
3060,46.95,0.03076159599913808,18446744073681371136,1,18
3060,48.17,0.020400067000082345,6356347088917233664,1,6
3060,48.17,0.012808303001293098,8511838480102326272,1,1
3060,48.17,0.014739148999069585,18446744073645981696,1,4
3060,48.17,0.027244119000897626,18446744072333950976,1,20
3060,48.17,0.013911137999457424,9066678435757162496,1,3
3060,48.17,0.017097885000112,18446744073214623744,1,8
3060,48.94,0.017850206999355578,18446744073306898432,1,8
3060,48.94,0.04290643700005603,6356347088917233664,1,42
3060,48.94,0.021126482999534346,18446744072317042688,1,12
3060,49.94,0.02143680100016354,14190657707890966528,1,13
3060,49.94,0.02354853700126114,18446744070765150208,1,10
3060,49.94,0.025655973999164416,18446744071321681920,1,18
3060,49.94,0.019954572000642656,3282436096,1,12
3060,49.94,0.02842608999890217,11574813992295596032,1,16
3060,50.69,0.0341707959996711,1671299072,1,18
3060,50.69,0.01439298000150302,11497197267467632640,1,3
3060,50.69,0.026087819000167656,17339711786399563776,1,16
3060,50.69,0.025296055999206146,18446744072291876864,1,18
3060,51.36,0.02579443799913861,949616640,1,18
3060,51.36,0.03265521300090768,18446744073233760256,1,25
3060,51.36,0.01700239700039674,18446744070609960960,1,3
3060,51.36,0.019149686999298865,18446744071132545024,1,8
3060,64.07,0.02258494600027916,705691648,1,10
3060,64.07,0.02097337899976992,17458547003129593856,1,11
3060,64.07,0.0350756640000327,6736874869150973952,1,31
3060,64.07,0.020215910000842996,151781376,2,10
3060,65.24,0.02397093999934441,18446744071011565568,1,12
3060,65.24,0.04096846200081927,18446744073284071424,1,34
3060,65.24,0.02180494799904409,18446744073278193664,1,6
3060,65.24,0.018007954000495374,13006378131659948032,1,6
3060,65.71,0.030566878000172437,18446744073005039616,1,24
3060,65.71,0.07108356800017646,861405184,1,81
3060,66.29,0.019093212998996023,489684992,1,10
3060,66.29,0.026859999999942374,5487161156927750144,1,12
3060,66.29,0.017787754000892164,13383554600452227072,2,5
3060,66.29,0.02459577399895352,4441754297331351552,1,10
3060,65.52,0.0325643209998816,13406670732914589696,1,17
3060,65.52,0.02152031700097723,18446744071085228032,1,9
3060,65.52,0.019569093999962206,14746051817406201856,1,9
3060,65.52,0.027512971999385627,318767104,1,19
3060,65.14,0.028640971000641002,18308355142191153152,1,18
3060,65.14,0.02108938299898,18446744073278193664,1,6
3060,65.14,0.02266272199995001,11722799461301223424,1,12
3060,65.14,0.018320402999961516,18446744073617276928,1,3
3060,64.75,0.024655341001562192,18446744073525788672,1,16
3060,64.75,0.01961817899973539,2456682496,1,7
3060,64.75,0.02604763699855539,18446744072031961088,1,12
3060,64.75,0.016161123001438682,18446744071371358208,1,6
3060,64.75,0.01909419899857312,1277254279475757056,1,9
3060,64.79,0.02194267699996999,18446744073278193664,1,7
3060,64.79,0.03150268700119341,15135797903127216128,1,18
3060,64.79,0.013498202999471687,18446744073278193664,1,2
3060,64.79,0.01911109399952693,374079488,1,4
3060,64.79,0.020458276001591003,1272971264,1,11
3060,64.45,0.030490473998725065,14705405071550578688,1,26
3060,64.45,0.0186536140008684,14705405071550578688,1,10
3060,64.45,0.04315165399930265,17170432,1,41
3060,64.72,0.019459133000054862,653725633410498560,1,10
3060,64.72,0.03950854499998968,18446744071207780352,1,34
3060,64.72,0.01720245199976489,3001024512,2,8
3060,64.72,0.026984793001247454,18446744072702918656,1,18
3060,65.08,0.03160164899964002,11588289606805618688,1,25
3060,65.08,0.020998693000365165,187039744,1,10
3060,65.08,0.022694886998579022,17117416923542323200,1,16
3060,65.08,0.014386385000761948,15220935287489167360,1,2
2640,65.21,0.033480854999652365,17217059065297895424,1,30
3060,64.29,0.2139870789997076,16591436949093351424,1,298
3060,64.29,0.013009694001084426,6224493654514335744,1,1
3060,64.29,0.02326125299987325,18446744072870035456,1,14
3060,64.29,0.01889382399895112,18446744070580207616,2,10
3060,64.29,0.014927573000022676,450363392,1,4
3060,63.33,0.019246211000790936,838860800,1,11
3060,63.33,0.017900815999382758,14763450489404129280,1,9
3060,63.33,0.02185046200065699,14763450489404129280,1,6
3060,63.33,0.03291199500017683,18446744073197977600,2,21
3060,63.46,0.03144734099987545,74448896,1,21
3060,63.46,0.01846293800008425,18446744072291876864,1,9
3060,63.46,0.01996004099964921,1955201024,2,6
3060,63.46,0.01583534299970779,18446744070035603456,1,1
3060,63.46,0.01648668699999689,18446744069965611008,1,4
3060,63.15,0.04032127699974808,10307807161190711296,1,35
3060,63.15,0.025682352999865543,18446744071011565568,1,9
3060,63.15,0.023055822000969783,1639433409665171456,1,13
3060,63.15,0.01981938300014008,17730715713422753792,1,8
3060,63.39,0.030454350999207236,18446744070226575360,1,26
3060,63.39,0.015397814000607468,10620446695479050240,1,1
3060,63.39,0.018780177999360603,8463653482526670848,1,6
3060,63.39,0.023058552000293275,2626682880,1,9
3060,63.46,0.020305388999986462,9472706089662283776,1,9
3060,63.46,0.019867652999892016,302383104,1,6
3060,63.46,0.021744109000792378,8292490308407525376,1,6
3060,63.46,0.023041182999804732,18446744072166047744,1,7
3060,63.46,0.016823924999698647,14763450489404129280,1,4
3060,63.13,0.016385875000196393,10154948656650780672,1,5
3060,63.13,0.020650573998864274,1126436468516978688,1,7
3060,63.13,0.02413812700069684,18446744073274916864,1,17
3060,63.13,0.016104349999295664,75497472,1,3
3060,63.13,0.013459787000101642,18446744073256566784,1,1
3060,63.13,0.015433784999913769,2220359680,1,1
3060,62.52,0.022946015000343323,1844838400,1,7
3060,62.52,0.02070615199954773,12757607028805861376,1,5
3060,62.52,0.019918530000722967,18446744073044230144,1,7
3060,62.52,0.018382381000265013,18446744073671671808,1,7
3060,61.85,0.027803642000435502,15351179036869001216,1,16
3060,61.85,0.036896094999974594,17819274777970343936,1,28
3060,61.85,0.054092320999188814,1482817536,1,54
3060,62.24,0.03432233800049289,160889338482655232,3,29
3060,62.24,0.022491061999971862,18446744073055240192,1,14
3060,62.24,0.019137699999191682,1902379008,1,4
3060,62.24,0.025741284000105225,1007288320,1,19
3060,62.90,0.019723411000086344,411435008,1,9
3060,62.90,0.026452694000909105,18446744072270381056,1,13
3060,62.90,0.018370251998931053,2628517888,1,9
3060,62.90,0.021511013999770512,18446744073508225024,1,9
3060,63.02,0.022774693999963347,3828912904288075776,1,8
3060,63.02,0.015757916000438854,4369300879107424256,1,3
3060,63.02,0.020724869000332546,17250668936735752192,1,6
3060,63.02,0.024324152000190224,17730715713422753792,1,10
3060,63.02,0.026122261999262264,10460648073544597504,1,18
3060,63.10,0.02571333100058837,5224676945052041216,1,19
3060,63.10,0.027818394999485463,2827345772314361856,1,11
3060,63.10,0.01502041000094323,17730715713422753792,1,1
3060,63.10,0.014316456999949878,2858923746264088576,1,3
3060,63.10,0.016678496000167797,731906048,1,2
3060,62.73,0.021854890999748022,1767618873277808640,1,6
3060,62.73,0.01676206599950092,18446744072321630208,1,2
3060,62.73,0.015176416000031168,2276921455356674048,1,2
3060,62.73,0.023862137999458355,15477605281877196800,1,15
3060,62.73,0.026728032000391977,12910861357531791360,1,14
3060,62.76,0.020516964999842457,182452224,1,10
3060,62.76,0.019049549000556,18446744071352352768,1,7
3060,62.76,0.05335211400051776,2929969789604462592,1,54
3060,63.00,0.03279771599954984,1479671808,1,20
3060,63.00,0.013909414999943692,1069285376,1,2
3060,63.00,0.01780118699934974,1451229184,1,7
3060,63.00,0.018183293999754824,18446744073185263616,1,7
3060,63.00,0.018691608000153792,18446744070113198080,1,6
3060,62.84,0.01296635300059279,902955008,1,2
3060,62.84,0.0364426670003013,1328939008,1,34
3060,62.84,0.02046616699954029,18446744071729840128,1,6
3060,62.84,0.03359749999981432,14763450489404129280,1,30
3060,63.62,0.016383272000894067,5735105427037749248,1,7
3060,63.62,0.019424299998718197,1711144960,1,6
3060,63.62,0.029758090000541415,8205496948417888256,1,22
3060,63.62,0.029336637000596966,679477248,1,24
2640,64.21,0.02972450299967022,9848695086810529792,2,25
3060,63.03,0.21642960499957553,18446744072340897792,1,294
3060,63.03,0.025564093000866706,142276804634214400,1,14
3060,63.03,0.017053524999937508,7058556787066142720,1,1
3060,63.03,0.019239219998780754,18446744070941704192,1,7
3060,62.72,0.024093145000733784,17530982829167476736,1,9
3060,62.72,0.02143023899952823,18446744070320816128,1,7
3060,62.72,0.022003127000061795,1479671808,1,10
3060,62.72,0.01767772099992726,13421360208261677056,1,4
3060,62.80,0.02819954400001734,8843644701086056448,1,19
3060,62.80,0.024764290999883087,8843644701086056448,1,11
3060,62.80,0.022109803001512773,18446744073595518976,1,14
3060,62.80,0.02289049999853887,1211105280,1,7
3060,62.80,0.01780984700053523,5493608693113028608,1,7
3060,62.64,0.012530531999800587,12555868635341520896,1,1
3060,62.64,0.014330789999803528,18446744070587154432,1,1
3060,62.64,0.01414666200071224,13794675189094809600,2,1
3060,62.64,0.02661247300056857,18446744071225737216,1,11
3060,62.64,0.018846908998966683,2424906924362301440,1,9
3060,62.64,0.015916897000352037,6356347088917233664,1,1
3060,62.59,0.014005617000293569,1075955690662526976,1,2
3060,62.59,0.01669473899892182,3097624576,1,2
3060,62.59,0.019024790000912617,5725869529364430848,1,9
3060,62.59,0.0216341220002505,17006401433509036032,1,8
3060,62.59,0.024660666000272613,3512798913255964672,1,17
3060,62.68,0.017964824999580742,16044460700600369152,1,8
3060,62.68,0.018248742999276146,2599682048,1,9
3060,62.68,0.014406555001187371,6145390389965619200,1,3
3060,62.68,0.018981297998834634,9720034633260728320,1,9
3060,62.68,0.023718522001217934,9938828651095130112,1,17
3060,62.36,0.04050002799885988,2424906924362301440,1,40
3060,62.36,0.014871456000037142,17885087145962504192,1,2
3060,62.36,0.020989155000279425,1432354816,1,5
3060,62.36,0.013041467000221019,6356347088917233664,1,1
3060,62.67,0.02763128299920936,18446744073000321024,1,22
3060,62.67,0.02265954600079567,902955008,1,12
3060,62.67,0.01792896699953417,140378112,1,7
3060,62.67,0.014903081000738894,2474639360,1,3
3060,62.67,0.01864901899898541,15548070783078105088,1,6
3060,62.33,0.0576307130013447,18446744071321681920,1,63
3060,62.33,0.012928075999298017,15437697407835439104,1,1
3060,62.33,0.015586769999572425,74448896,1,1
3060,62.33,0.014424273000258836,14941659334034063360,1,2
3060,62.33,0.01302859499992337,18446744073670492160,1,1
3060,61.99,0.019252021000284003,2350949374231576576,1,9
3060,61.99,0.026079130999278277,18446744071585792000,1,21
3060,61.99,0.025712180000482476,902955008,1,12
3030,46.70,0.4620212280005944,18446744070511394816,1,701
3030,46.70,0.02054753099946538,1747320832,1,1
3030,48.26,0.07020583799931046,18446744073542565888,1,78
3030,54.47,0.45626761600033205,4516582660671275008,1,656
3030,75.14,0.2309569740009465,18446744071977304064,1,305
3030,76.53,0.1227860069993767,1184235520,1,151
3030,77.81,0.13925607999954082,18446744072632664064,1,171
3030,77.45,0.04969209100090666,18446744073590276096,1,46
3030,77.85,0.12500821299909148,18446744072209563648,1,158
3030,77.94,0.11218148800071504,12172209445991874560,1,143
3030,77.66,0.05104670499895292,18446744072784183296,1,54
3030,77.35,0.1511467239997728,1801715712,1,197
3030,77.12,0.16606431800028076,18446744071003439104,1,221
3030,76.68,0.17337690500062308,18446744071319715840,1,229
3030,77.49,0.256474812000306,4305573185161527296,1,351
3030,79.02,0.4439494990001549,6990184756004519936,1,638
3030,79.10,0.155523984998581,18446744072290959360,1,200
3030,79.10,0.036562542001775,15667301823994134528,1,34
3030,78.46,0.04140910899877781,18446744070704332800,1,36
3030,78.51,0.12241563800125732,3441295360,1,161
3030,78.56,0.1619561599982262,18265456596521844736,1,215
3030,78.63,0.41469306600083655,8520168380194357248,1,577
3030,78.17,0.0857092999995075,2196718679180181504,1,105
3030,77.87,0.13878502000079607,9398484656740892672,1,181
3030,78.62,0.3115855109990662,2429419520,1,429
3030,78.94,0.43519725300029677,18446744073145417728,1,618
3030,78.94,0.038098076000096626,8781824,1,35
3030,78.53,0.24364079299994046,3218210816,1,323
3030,78.46,0.018611657000292325,135397376,1,9
3030,78.46,0.07728267799939204,646840320,1,92
3030,78.24,0.031224342999848886,18446744071453016064,1,26
3030,78.24,0.04217657600020175,12207754457894617088,1,43
3030,77.67,0.16702611400069145,18446744073055240192,1,221
3030,77.57,0.46470449099979305,3130130432,1,648
3030,77.18,0.05732963400078006,4753320708270981120,1,64
3030,77.18,0.020071252998604905,1534891844096229376,1,10
3030,77.17,0.17647860200122523,1111883776,1,232
3030,77.74,0.23290782699950796,317345444055220224,1,316
3030,78.03,0.12064237000049616,951451648,1,155
3030,77.71,0.028812615999413538,18446744071927496704,1,16
3030,77.60,0.17107693800062407,2368471040,1,224
3030,77.30,0.08186036299957777,1286733824,1,92
3030,76.89,0.029775081000479986,6836842466348367872,1,25
3030,76.66,0.10768413400001009,1023882819971055616,1,137
3030,76.66,0.028656959999352694,18446744073576382464,1,23
3030,76.66,0.02708534200064605,18446744072351907840,1,13
3030,75.83,0.034418805998939206,18446744072055554048,1,30
3030,76.33,0.10793141500107595,2838367276871188480,1,136
3030,76.33,0.061741046998577076,18446744073428140032,1,71
3030,75.78,0.12054469000031531,9032347284691484672,1,156
3030,75.67,0.10598379600014596,18446744072771338240,1,135
3030,75.67,0.07880814300006023,18446744073590276096,1,93
3030,75.51,0.02779365999958827,9729921441817690112,1,22
3030,76.00,0.23283672600155114,18446744071456161792,1,316
3030,76.00,0.03122274099951028,2153775104,1,21
3030,75.65,0.12106693900022947,11529259026533580800,1,155
3030,76.04,0.19278474599923356,2040397824,1,261
3030,76.87,0.10573230900081398,18446744072307212288,1,133
3030,76.74,0.048318490999008645,430559957344059392,1,49
3030,76.85,0.15533225699982722,28552117950087168,1,198
3030,77.00,0.18460147400037386,18446744072845393920,1,246
3030,77.12,0.05857072400067409,18446744073462874112,1,64
3030,77.09,0.126139254998634,15831252201835069440,1,170
3030,76.91,0.09246654500020668,18446744070998589440,1,115
3030,77.28,0.07547451600112254,2687500288,1,88
3030,77.26,0.12998469899866905,5974315176776695808,1,168
3030,77.26,0.015577792000840418,18446744073500753920,1,4
3030,76.63,0.10991907899915532,2337013760,1,137
3030,76.62,0.10691194100036228,15979598310654607360,1,135
3030,76.66,0.06389011499959452,18446744070800539648,1,73
3030,76.52,0.0851341190009407,9942452641420279808,1,86
3030,76.33,0.05787730299925897,17056723881689088000,1,64
3030,76.33,0.08415947499997856,2445279232,1,99
3030,75.84,0.04030023500126845,28552117950087168,1,39
3030,75.84,0.0535249449985713,18446744071919763456,1,57
3030,75.56,0.07763961199998448,1134001108516077568,1,95
3030,75.56,0.02693540400105121,15979598310654607360,1,20
3030,75.29,0.04796241599979112,18446744071838760960,1,51
3030,75.32,0.2258892919999198,1747320832,1,298
3030,75.34,0.12134228600007191,6308619488178733056,1,156
3030,75.99,0.15917208300015773,716046336,1,211
3030,75.95,0.08611412299978838,812384256,1,102
3030,75.95,0.02456071500091639,1135214592,1,17
3030,75.95,0.029984106999108917,18446744073673113600,1,25
3030,75.68,0.06316811500073527,18446744070871973888,1,73
3030,75.68,0.05232189699927403,11634345949869899776,1,57
3030,76.43,0.20373603500047466,1237188608,1,272
3030,76.93,0.11091644699990866,18446744071171866624,1,140
3030,76.93,0.08029777400042803,16303822299453194240,1,71
3030,76.66,0.2462440469989815,44826624,1,333
3030,76.66,0.03593797000030463,9539116591979954176,1,24
3030,76.22,0.09619677800037607,18446744073590276096,1,120
3030,76.30,0.2038863779998792,18446744069783683072,1,275
3030,76.89,0.10290712799906032,12459525028469276672,1,129
3030,76.99,0.04418437700041977,18446744072152285184,1,31
3030,77.12,0.18183879199932562,18446744072678277120,1,262
3030,77.07,0.13147009100066498,18446744073252503552,1,170
3030,77.65,0.06633193100060453,4497715041138638848,1,77
3030,77.65,0.018740625999271288,2409003588178149376,1,8
3030,77.27,0.0914481159998104,17034856794435878912,1,112
3030,76.92,0.10079632199995103,178252825095045120,1,126
3030,76.92,0.06417862200032687,18446744072639479808,1,70
3030,77.00,0.06461516300078074,3105205554792890368,1,75
3030,77.00,0.029301377999217948,28552117950087168,1,20
3030,76.63,0.10383801500029222,18446744073245687808,1,131
3030,76.21,0.09324496500084933,3012165632,1,107
3030,76.17,0.08234858199830342,772033084559196160,1,104
3030,76.45,0.11358406800172816,14467321221718474752,1,145
3030,76.32,0.16042917499908071,9136413861237227520,1,212
3030,76.55,0.18442519400014135,7715325868662325248,2,245
3030,76.55,0.018449736000548,8639373032831320064,1,7
3030,76.55,0.042599401000188664,18446744073447538688,1,40
3030,76.03,0.08093519899921375,3130130432,1,98
3030,76.03,0.03535279000061564,178252825095045120,1,29
3030,75.71,0.09833200399953057,11547291017229107200,2,123
3030,75.96,0.021623413998895558,2445279232,1,13
3030,75.96,0.019768487001783797,10227569200642129920,1,5
3030,75.96,0.01488152699857892,5351208743176503296,1,3
3030,75.70,0.09297000300102809,18446744072540913664,1,113
3030,75.70,0.030601559999922756,18104576055145660416,1,18
3030,75.39,0.05677329100035422,658243584,1,62
3030,75.39,0.04353091399934783,6025921854537990144,1,44
3030,75.39,0.022169477000716142,14951766044916580352,1,12
3030,74.64,0.020641306999095832,18444492273895866368,1,5
3030,74.64,0.05042747200059239,18446744073239658496,1,47
3030,74.11,0.054771547998825554,178252825095045120,1,54
3030,74.10,0.11482040000009874,18446744073590276096,1,146
3030,74.10,0.05039990300065256,1043202048,1,54
3030,73.47,0.04566204999900947,2407923712,1,44
3030,73.57,0.2195399410011305,2883452928,1,297
3030,74.12,0.06242157499946188,18446744073045540864,1,71
3030,74.12,0.048119762001078925,3103182453397782528,1,48
3030,74.68,0.23935916199843632,10221139256642895872,1,327
3030,77.13,0.22290767100093944,18446744073245687808,1,302
3030,77.13,0.030808548999630148,12034119581636231168,1,24
3030,77.15,0.0760123250001925,18446744071639400448,1,82
3030,77.15,0.06371753799976432,2461824126776508416,1,73
3030,76.88,0.03731615400101873,14751206327917215744,1,36
3030,76.88,0.07111786899986328,422124504135761920,1,80
3030,76.84,0.06718458799878135,18446744071975075840,1,77
3030,76.86,0.04786398800024472,1601249569855766528,1,50
3030,76.49,0.11451317300088704,12034119581636231168,1,142
3030,76.49,0.06508725099956791,3655550706913378304,1,73
3030,76.27,0.07621940500030178,1386610688,1,91
3030,76.47,0.08131310600037978,17485551008707772416,1,98
3030,76.16,0.09751681499983533,18446744070926893056,1,122
3030,76.16,0.02283346399963193,3537762225252990976,1,15
3030,75.68,0.032941346000370686,18446744073600499712,1,30
3030,75.61,0.11013062299934973,354737635492626432,1,141
3030,76.11,0.2460612350005249,18446744069941100544,1,337
3030,76.44,0.06915964799918584,8639373032831320064,1,81
3030,76.64,0.07749411700024211,3105205554792890368,1,91
3030,76.77,0.11875270100063062,231735296,1,152
3030,76.77,0.028572125998834963,178252825095045120,1,23
3030,76.54,0.11212318900106766,178252825095045120,1,142
3030,76.84,0.09193170099933923,17056723881689088000,1,112
3030,76.84,0.032575483000982786,15831252201835069440,1,29
3030,76.62,0.04910614299842564,17655456341524742144,1,57
3030,76.79,0.07316137400084699,2286288896,1,95
3030,76.79,0.02118069700009073,2265759213311492096,1,13
3030,76.79,0.027317927000694908,18446744072351907840,1,22
3030,76.59,0.07404394799959846,17780413638998228992,1,81
3030,76.59,0.014961513999878662,1747320832,1,4
3030,76.04,0.14789881799879367,10598693957435129856,1,190
3030,76.05,0.046492034000038984,3303014400,1,48
3030,76.05,0.02438316700136056,12428026219356749824,1,17
3030,75.72,0.14499629199963238,6185315856193421312,1,192
3030,75.72,0.054111764000481344,17673391575197024256,1,59
3030,75.52,0.04254183699958958,18446744069736103936,1,40
3030,75.52,0.017796537998947315,6185315856193421312,1,5
3030,75.52,0.03242340100041474,18304317735493959680,1,29
3030,74.83,0.05658107999988715,986972160,1,64
3030,74.83,0.015470226000616094,10475240791868440576,1,6
3030,74.83,0.054144408999491134,18446744071725907968,1,54
3030,74.49,0.10358172900123463,1862176873266544640,2,130
3030,74.37,0.015163582998866332,17191400861952114688,1,5
3030,74.86,0.12833271000090463,18446744071780171776,1,176
3030,74.86,0.026291979000234278,6363515904730333184,1,17
3030,75.39,0.16701315799946315,6465110779136835584,1,222
3030,75.39,0.057268681999630644,2251799813685248,1,63
3030,75.32,0.03455961899999238,18446744070080692224,1,25
3030,75.18,0.1239783590008301,14211196585097822208,1,152
3030,75.18,0.01707041099871276,18446744072241414144,1,6
3030,75.08,0.21723300499979814,12357991726713929728,1,290
3030,76.34,0.16935902000113856,12038667161728712704,1,225
3030,76.34,0.018140658999982406,12034119581636231168,1,8
3030,76.62,0.08603999399929307,18446744071919763456,1,101
3030,76.62,0.03913629899943771,18446744072062369792,1,38
3030,76.36,0.09576174400172022,11634345949869899776,1,106
3030,75.97,0.06353595699874859,12995295054451965952,1,74
3030,75.97,0.030089341000348213,1601249569855766528,1,19
3030,75.71,0.08115924500089022,205389824,1,68
3030,75.04,0.04894769299971813,13210209995263574016,1,51
3030,75.04,0.0867783909998252,18059126642499911680,1,110
3030,75.29,0.05355253900052048,18446744071092436992,1,60
3030,75.23,0.08310815499862656,17560511313443028992,1,92
3030,75.23,0.03802825500133622,3772653093318033408,1,33
3030,75.29,0.1503257719996327,1601249569855766528,1,198
3030,75.29,0.01762126199901104,3096242336003260416,1,7
3030,74.81,0.10598895000111952,8166943672701550592,1,123
3015,73.82,1.070045555001343,1493172224,1,1513
3015,80.56,0.8461497150001378,18446744073359982592,1,1199
3015,80.68,0.38437811999938276,13804623573425324032,1,533
3015,83.36,1.3453268360008224,18304053852703293440,1,2070
3015,83.57,1.6608618089994707,18446744072693088256,1,2519
3015,81.36,0.9165214109998487,15142007944800894976,1,1302
3015,80.98,0.27803932599999825,7477681823481331712,1,382
3015,80.81,0.09885732799921243,15054029422392770560,1,124
3015,80.84,0.11933883500023512,8064231694481227776,1,153
3015,80.74,0.3330276449996745,2915034023652753408,1,474
3015,80.37,0.5690677410002536,18446744072787984384,1,805
3015,81.92,0.738376942999821,418280611485057024,1,1091
3015,83.58,1.2007564880004793,970063872,1,1826
3015,82.94,0.4687797660008073,18446744071457865728,1,659
3015,82.46,0.07755117899978359,546570240,1,93
3015,81.10,0.4834135769997374,1303904256,1,678
3015,80.54,0.1152872530001332,18446744071342260224,1,145
3015,81.46,0.4369283849991916,18446744073353822208,1,663
3015,81.46,0.033000223000271944,18446744071435452416,1,29
3015,81.32,0.5606825770009891,3846267595820892160,1,791
3015,82.24,0.6583564649990876,494577922359689216,1,981
3015,82.47,0.7708816829999705,3160014848,1,1111
3015,84.54,3.050963038000191,4384878759849754624,1,4760
3015,84.55,2.5776016660001915,2257455701498527744,1,4036
3015,83.77,0.8453269649999129,612946946159542272,1,1290
3015,83.26,0.692758720000711,456455655201439744,1,979
3015,82.12,0.687734997998632,10854862574520893440,1,975
3015,81.67,0.16240274800111365,12750534970016006144,1,211
3015,81.48,0.6498414500001672,18446744073035186176,1,920
3015,82.78,1.3828413669998554,15324975475755843584,1,2009
3015,82.51,0.36628543899860233,18446744073138864128,1,504
3015,82.30,0.3258788960010861,10709278438910328832,1,450
3015,82.63,0.49542205699981423,6328630599804256256,1,744
3015,82.48,0.19226069999967876,494577922359689216,1,258
3015,82.06,0.10772217500016268,18446744072007319552,1,129
3015,85.12,2.09033294999972,2257455701498527744,1,3197
3015,84.49,0.21528543600106786,13399888945194467328,1,297
3015,83.81,0.5420928769999591,18446744071179206656,1,801
3015,84.81,1.3191022249993694,15054029422392770560,1,1994
3015,84.50,0.2946721450007317,18446744072298954752,1,406
3015,83.83,0.3710377190000145,2257321984,1,549
3015,83.50,0.0608516359989153,14549406361801719808,1,73
3015,82.47,0.6556113730002835,17304395472915398656,1,929
3015,82.51,0.20818254699952377,2257455701498527744,1,296
3015,82.60,0.651358072000221,10810354343828520960,1,934
3015,83.86,1.1835775620002096,14549406361801719808,1,1734
3015,83.86,0.030018039000424324,5521421939249250304,1,24
3015,82.75,0.17014469199966697,276037632,1,225
3015,82.02,0.15238644599958207,16624343133089431552,1,199
3015,81.97,0.35420237700054713,9934281071002648576,1,508
3015,81.62,0.22688369999923452,18446744072245084160,1,308
3015,81.27,0.03971290000117733,10387930772530003968,1,39
3015,80.84,0.1610729359999823,18446744072509456384,1,209
3015,83.89,1.2481891659990652,697040896,1,1823
3015,83.92,0.415293002000908,13469439652721065984,1,597
3015,83.92,0.038526374999491964,15001437582212988928,1,37
3015,83.38,0.12789636900015466,7300475733455929344,1,164
3015,82.77,0.2795921310007543,13008172534636478464,1,384
3015,82.77,0.037008854998930474,13938772788107018240,1,36
3015,82.07,0.4165854200000467,9378288827161903104,1,579
3015,81.77,0.1207627820003836,1941176320,1,164
3015,81.43,0.03075058300055389,9378288827161903104,1,27
3015,81.67,0.13828758599993307,5279168741324619776,1,181
3015,81.39,0.07358430999920529,18446744071623802880,1,88
3015,81.59,0.1802873479991831,10528553911676043264,1,260
3015,81.59,0.06570440000177769,16653009600248807424,1,75
3015,81.37,0.08616916099890659,5289864790439624704,1,106
3015,81.37,0.02763646399944264,7808318164093108224,1,18
3015,81.11,0.1400345729998662,18446744073353822208,1,180
3015,81.11,0.03993277400149964,3172706772645314560,1,38
3015,81.11,0.018919086000096286,7484164544038699008,1,9
3015,80.16,0.10697711799912213,16966361618071945216,1,134
3015,80.83,0.22378605700032494,7975435135422038016,1,330
3015,80.79,0.1452190870004415,4207461563591819264,1,194
3015,81.18,0.20173196999894571,418280611485057024,1,273
3015,81.99,0.31969648800077266,13469439652721065984,1,436
3015,82.84,0.5133792809992883,11489773364956889088,1,742
3015,83.04,0.05924398100069084,12070623367678394368,1,52
3015,84.69,0.7537050070004625,16020570511952052224,1,1129
3015,84.50,0.3427856079997582,18446744073353822208,1,471
3015,84.77,0.07486422999863862,3259374677193129984,1,89
3015,84.77,0.07106748800106288,970063872,1,81
3015,83.98,0.17786724299912748,18446744072083734528,1,237
3015,83.42,0.04838998700142838,11925751715602628608,1,51
3015,82.71,0.08724994699878152,11794813074874040320,1,102
3015,82.71,0.06143924000025436,15465915274250682368,1,70
3015,81.91,0.1217274289992929,18446744070729236480,1,157
3015,81.45,0.17642055300166248,12064334161167515648,1,255
3015,81.37,0.08781922399975883,16966361618071945216,1,101
3015,81.07,0.22106291899945063,6836710524953034752,1,301
3015,81.07,0.01590143000066746,418280611485057024,1,5
3015,81.69,0.34218919399972947,16050987401622847488,1,471
3015,82.39,0.1822399470001983,1071258576988667904,1,241
3015,82.39,0.03689158899942413,1930293817630523392,1,34
3015,81.97,0.10505225000088103,17286099599429206016,1,129
3015,81.97,0.03748972699941078,198180864,1,36
3015,82.15,0.20928018399899884,1071258576988667904,1,309
3015,82.15,0.06284992400105693,16215192866161426432,1,74
3015,82.64,0.21291680799913593,802933759346212864,1,315
3015,82.35,0.09428018499966129,17457104443873951744,1,106
3015,82.33,0.23341289500058338,1071258576988667904,1,317
3015,82.33,0.04727328800072428,11999427790756642816,1,49
3015,81.61,0.10518850999869755,18446744072752070656,1,128
3015,81.61,0.016374602000723826,18247882002663473152,3,6
3015,81.99,0.1255831809994561,18446744072126726144,1,155
3015,81.54,0.10435178900115716,9223319260296642560,1,132
3015,81.14,0.2932411679994402,4070831850677862400,1,404
3015,82.14,0.2429212049992202,8994787967486656512,1,359
3015,81.89,0.11637370900098176,4306848618649747456,1,149
3015,81.60,0.06816636599978665,163184640,1,80
3015,81.60,0.036063309000383015,8045302502297436160,1,34
3015,81.64,0.04499074699924677,3628080508405022720,1,43
3015,81.64,0.08114949700029683,18446744072567914496,1,96
3015,82.33,0.3201935010001762,3820090422986801152,1,443
3015,81.78,0.09091085500040208,9223319260296642560,1,112
3015,81.82,0.10733691299901693,2915034023652753408,1,135
3015,81.82,0.060985866000919486,18446744070963986432,1,75
3015,81.20,0.11597581199930573,697040896,1,149
3015,80.63,0.10002908699971158,9131320923377369088,1,126
3015,80.56,0.033849967001515324,16778116431303671808,1,31
3015,81.18,0.19858433599983982,18446744071047479296,1,268
3015,81.55,0.34812436399988655,16215192866161426432,1,479
3015,81.18,0.050711104999209056,10965499832554225664,1,52
3015,81.35,0.11065962300017418,2643058827406082048,1,138
3015,81.35,0.04149242499988759,3955673400831115264,1,41
3015,80.89,0.0849103800010198,2316248787258966016,1,105
3015,80.89,0.02634478399886575,2905473024,1,20
3015,80.76,0.03331544600041525,68157440,1,26
3015,81.35,0.2052949480003008,18446744072227389440,1,296
3015,81.35,0.06542801599971426,18446744073312403456,1,76
3015,80.99,0.031449837999389274,3011659105501708288,1,21
3015,80.66,0.14384637799958,11492297843654262784,1,189
3015,80.45,0.039369826999973156,561381376,1,38
3015,80.37,0.12597241399998893,1465200399081275392,1,163
3015,80.07,0.08706061200064141,18446744071823032320,1,107
3015,80.07,0.04633880599976692,18446744073424601088,1,49
3015,80.96,0.2419620600012422,10356071323603566592,1,352
3015,81.58,0.13038776599933044,12741492586389176320,1,175
3015,81.58,0.05839355200077989,5948393090640248832,1,66
3015,81.00,0.18491196499962825,5898211381364785152,2,255
3015,81.53,0.07102320599915402,11429379390266408960,1,84
3015,81.52,0.09033028399971954,13021481023379079168,1,112
3015,81.73,0.07927704699977767,4334037342181392384,1,96
3015,81.73,0.02579966400116973,6166852856939806720,1,19
3015,80.91,0.06281819700052438,1655177216,1,66
3015,80.91,0.02339075499912724,18446744073439150080,1,8
3015,80.91,0.017968001000554068,18446744071234912256,1,7
3015,81.26,0.20927534600014042,3448635392,1,309
3015,80.79,0.05242365899903234,506804491660558336,1,57
3015,80.38,0.12356321300103446,682911070058184704,1,152
3015,80.11,0.1275307050000265,18446744071471628288,1,166
3015,80.11,0.03470247899895185,15320366323012206592,1,30
3015,80.04,0.04904471400004695,723487447169630208,1,43
3015,79.43,0.0845178859999578,18398374358180429824,1,95
3015,79.27,0.09263980700052343,1013644167693205504,1,115
3015,79.17,0.1509043379992363,18446744072633188352,1,196
3015,79.07,0.05500288300027023,15465915274250682368,1,54
3015,80.70,0.19221616399954655,2577661952,1,273
3015,80.70,0.055220895001184545,7010512526978842624,1,54
3015,79.69,0.051968359999591485,1879834624,1,56
3015,79.66,0.09491608099961013,15465915274250682368,1,118
3015,79.76,0.1030874580010277,7484164544038699008,1,130
3015,79.76,0.02727739999863843,18446744071858159616,1,21
3015,79.50,0.06083349000073213,3669008729237356544,1,70
3015,79.90,0.13605791199915984,16431374444368232448,1,178
3015,79.90,0.025814547001573374,2086239750821249024,1,19
3015,79.81,0.1084617429987702,13805802249890299904,1,135
3015,79.81,0.09385031599958893,18446744072531345408,1,114
3015,79.95,0.06142576100137376,18304053852703293440,1,76
3015,80.07,0.15500045499902626,7808318164093108224,1,200
3015,80.06,0.02237025700014783,4219037222009044992,1,7
3015,80.06,0.02081164099945454,7018780854419718144,1,12
3015,79.08,0.07625576200007345,14515805286456885248,1,88
3015,79.08,0.022745749000023352,5448431959350968320,1,15
3015,79.21,0.10838604400123586,18446744073463005184,1,137
3015,78.94,0.05715970199889853,12053462190192066560,1,63
3015,78.94,0.05804506200001924,4023781549102071808,1,56
3015,78.69,0.08704628200030129,12053462190192066560,1,105
3015,78.72,0.057566720999602694,9664557674569662464,1,61
3015,78.89,0.10820919199977652,5252639724769640448,1,137
3015,79.27,0.1545583050010464,17742203412950286336,2,205
3015,79.22,0.06792006199975731,1013644167693205504,1,73
3015,79.17,0.08998409000014362,18304053852703293440,1,111
3015,79.56,0.21747100299944577,18446744073052618752,1,294
3015,79.56,0.04342030100087868,581304320,1,44
3015,79.69,0.06401888599975791,12809020192520667136,1,73
3015,79.99,0.1482933570005116,1488846848,1,195
3015,80.27,0.051874818998840055,228327424,1,56
3015,80.27,0.024801380999633693,3593661396409122816,1,15
3015,80.42,0.12586943700080155,8039154033274912768,1,161
3015,80.42,0.03184145500017621,1997537280,1,26
3015,80.42,0.038339545999406255,18446744072099594240,1,37
3015,79.79,0.061423389000992756,1425408000,1,67
3015,79.57,0.07072040099956212,18446744070756499456,1,83
3015,79.57,0.03717473200049426,7808318164093108224,1,35
3015,79.57,0.03925904399875435,4974788738384134144,1,36
3015,79.19,0.05618998899990402,12053462190192066560,1,63
3015,79.19,0.045394350001515704,10318230531422027776,1,45
3015,78.80,0.04564274999938789,16897488209708056576,1,45
3015,78.80,0.059426701000120374,18446744071105150976,1,67
3000,87.17,2.259291258000303,10493932489540632576,1,3426
3000,85.64,0.7620190810011991,10778556467553239040,1,1089
3045,52.77,0.8121606669992616,18446744072387559424,1,1156
3045,74.85,0.40022694500112266,18446744073621733376,1,587
3045,76.40,0.15853219400014495,2147090432,1,211
3045,77.97,0.04016760899867222,18446744070541672448,1,39
3045,77.92,0.10907039199992141,18446744071531659264,1,141
3045,77.92,0.03346322099969257,18446744070772490240,1,30
3045,79.88,1.13077312400128,2097938432,1,1695
3045,79.49,0.3904468700002326,421527552,1,543
3045,79.08,0.031547009999485454,409862144,1,27
3045,80.39,1.2169567820001248,18446744072532787200,1,1840
3045,79.77,0.2630320999996911,18446744072748269568,1,378
3045,79.54,0.10439355000016803,18446744071270825984,1,138
3045,79.52,0.5015639640005247,853016576,1,754
3045,80.82,1.3695947199994407,1414135808,1,2096
3045,80.85,1.9751742780008499,18446744072411152384,1,3031
3045,80.05,0.8955644559991924,18444492273895866368,1,1338
3045,80.67,1.0116271900005813,18446744073370861568,1,1544
3045,80.72,0.4128988849988673,1364459520,1,616
3045,79.19,0.42560871900059283,18446744072430551040,1,580
3045,79.17,0.4715233980004996,11532935793416863744,1,689
3045,80.02,0.5723447929995018,2251799813685248,1,866
3045,80.83,0.5883830669990857,18446744072055685120,1,889
3045,79.92,0.5761820750012703,12990378038452551680,1,823
3045,78.81,0.42984878700008267,18446744071257194496,1,599
3045,78.36,0.06921523399978469,824049664,1,87
3045,78.36,0.04252029999952356,18446744070519259136,1,44
3045,78.15,0.05809841900008905,630194176,1,70
3045,78.15,0.08587074000024586,2031353856,1,114
3045,78.77,0.5363014140002633,18446744070477709312,1,810
3045,78.46,0.3021610050000163,1319501824,1,419
3045,79.28,0.17856704499899934,18446744073482272768,1,256
3045,79.11,0.3817383570003585,1464860672,1,538
3045,81.32,1.4384120800004894,18446744072017936384,1,2205
3045,80.94,0.1610200609993626,18446744072469610496,1,227
3045,80.60,0.6648909850009659,56229888,1,1008
3045,80.60,0.03075676299886254,18446744073556066304,1,25
3045,79.92,0.10762613699989743,38404096,1,146
3045,79.93,0.2525931380005204,104202240,1,371
3045,79.93,0.036683263000668376,18446744071794196480,1,38
3045,79.51,0.2182034229990677,18446744070621626368,1,318
3045,79.51,0.04932229299993196,1063201356370804736,2,44
3045,78.21,0.3411770330003492,18446744072935964672,1,467
3045,78.63,0.4192321720001928,1147666432,1,615
3045,78.62,0.08837504499933857,7505899689896574976,1,110
3045,78.62,0.023229383001307724,14011340555540234240,1,16
3045,77.92,0.07538955800009717,835715072,1,95
3045,77.93,0.19617843099877064,18446744073480962048,1,281
3045,78.87,0.33003586800077755,11942710582949445632,1,462
3045,78.66,0.10754318500039517,933232640,1,145
3045,78.20,0.13388341599966225,3555852288,1,171
3045,79.42,0.5727898829991318,2711879680,1,854
3045,79.26,0.11587426200094342,554827776,1,157
3045,79.05,0.10333238899875141,880672768,1,132
3045,79.85,0.3428029120004794,18446744072397914112,1,494
3045,79.85,0.04166213200005586,118489088,1,42
3045,79.85,0.02706915700036916,115343360,1,22
3045,78.69,0.24761955099893385,717357056,1,342
3045,78.35,0.24193044599996938,18446744071432306688,1,353
3045,78.53,0.15524965000076918,18446744072017936384,1,206
3045,78.53,0.04522599799929594,44302336,1,50
3045,78.20,0.31402484600039315,18446744071531659264,1,438
3045,77.87,0.03063661200030765,18446744072767275008,1,28
3045,80.50,0.8030950840002333,3272343552,1,1220
3045,80.23,0.09972638500039466,1649147904,1,127
3045,80.23,0.07499488400026166,18446744071906000896,1,83
3045,79.81,0.36772588699932385,2763915264,1,515
3045,79.15,0.16517748600017512,735707136,1,217
3045,79.15,0.029313929999261745,18446744070749945856,1,23
3045,78.41,0.0774805290002405,1181089792,1,94
3045,77.68,0.3081785350004793,18446744071233077248,1,436
3045,77.80,0.08171035499981372,2711879680,1,106
3045,77.80,0.016700795000360813,18446744073232187392,1,3
3045,78.18,0.22726387199872988,18446744072188067840,1,330
3045,78.18,0.01603383300061978,18446744069592842240,1,1
3045,77.69,0.18901717200060375,2135949312,1,271
3045,77.75,0.11192885499986005,3029805445406523392,1,139
3045,78.63,0.2793011329995352,824049664,1,412
3045,78.40,0.16093070699935197,1668415488,1,219
3045,78.41,0.10997343300005014,82706432,1,150
3045,78.72,0.17974683400098002,18446744073676521472,1,257
3045,79.47,0.42809382199993706,18446744070770655232,1,601
3045,79.47,0.0406128329996136,3994684073384607744,1,43
3045,78.69,0.10048755699972389,503840768,1,128
3045,78.69,0.019884768000338227,148635648,1,12
3045,78.36,0.1392615790009586,18446744071388790784,1,182
3045,77.85,0.14651794099881954,18446744072684961792,1,191
3045,77.59,0.021257845000945963,793903104,1,12
3045,77.82,0.3399196029986342,714997760,1,467
3045,77.58,0.28302399200038053,18446744072919580672,1,393
3045,77.58,0.048492820000319625,1975255040,1,52
3045,78.13,0.156181860000288,18446744070770655232,1,208
3045,78.75,0.33701134200055094,6116820679829487616,1,477
3045,78.75,0.015056312999149668,5171011983675359232,2,5
3045,78.66,0.20061310799974308,18446744073368240128,1,289
3045,78.70,0.28131111900074757,9073750494547017728,1,389
3045,78.41,0.10483922599996731,18446744073145942016,1,134
3045,78.73,0.09900992499933636,18446744073329180672,1,125
3045,79.04,0.35243202300080156,151650304,1,513
3045,79.04,0.07396198899914452,1673527296,1,89
3045,78.98,0.04642821100060246,1676804096,1,49
3030,80.71,2.3044064820005588,1251999744,1,3324
3030,79.52,1.854972403998545,18446744071277510656,1,2626
3030,79.63,1.2133166310013621,1020264448,1,1710
3015,82.09,2.059986440999637,17805157048669700096,1,3188
3015,82.11,4.1926150059989595,17410977732065492992,1,6265
3015,82.54,5.597783455999888,12297536179372294144,1,8501
3015,80.92,4.713920398000482,7420524811023024128,1,7035
3015,82.70,4.399080715000309,2483576864820428800,1,6889
3015,80.39,0.9143918219997431,2483576864820428800,1,1288
3015,80.39,0.0564556610006548,6713679571851411456,1,61
3015,79.65,0.5347812599993631,18416511901992222720,1,747
3015,82.49,1.5372491769994667,9383557686882205696,1,2366
3015,83.15,1.7168937240003288,3272998912,1,2679
3015,82.05,0.23376741300126014,18446744073304932352,1,315
3015,81.95,0.8192135819990654,17708505578541678592,1,1266
3015,81.71,0.532458472000144,87556096,1,742
3015,80.99,0.11319516299954557,2228617216,1,135
3015,81.71,0.854684867999822,14897670072830001152,1,1314
3015,82.34,0.3262027630007651,18446744072709210112,1,448
3015,81.75,0.14300778100005118,422485143949672448,1,192
3015,80.93,0.2533518149994052,3720347648,1,341
3015,82.44,0.9045803139997588,18446744072961654784,1,1399
3015,82.54,0.20954905400139978,60817408,1,309
3015,82.52,0.08526184799848124,18446744073486860288,1,101
3015,82.52,0.02561619300104212,18446744071858552832,1,19
3015,80.55,0.5274112320003042,18446744072314290176,1,727
3015,79.89,0.20844434199898387,3051356160,1,307
3015,79.89,0.08599729300112813,17833594817410498560,1,103
3015,79.48,0.09230742699946859,18404901059202908160,1,123
3015,79.48,0.01474051200057147,2283798528,1,3
3015,80.31,0.3807045109988394,18446744072789164032,1,553
3015,80.48,0.6512244929999724,2956066816,1,913
3015,80.41,0.18883551600083592,18446744073513336832,1,252
3015,80.65,0.28570026799934567,2780430336,1,425
3015,80.57,0.4655168839999533,18446744071373979648,1,647
3015,80.53,0.2228467280001496,18446744071373979648,1,328
3015,80.50,0.3058640769995691,2956460032,1,419
3015,80.50,0.42269492000014,1167589376,1,587
3015,81.17,0.4743886200012639,18446744070379536384,1,715
3015,80.93,0.06568603399864514,193855488,1,72
3015,80.84,0.25970042500011914,18446744071287078912,1,351
3015,80.89,0.26496997800131794,306970624,1,394
3015,80.78,0.08101052199890546,1680867328,1,105
3015,80.50,0.22978612199949566,1020264448,1,310
3015,79.93,0.1261178020013176,13977554762241933312,1,177
3015,79.93,0.06313598199994885,18446744072970698752,1,71
3015,79.91,0.36565705399880244,18446744072964145152,1,500
3015,79.49,0.19187847300054273,1302200320,1,256
3015,79.26,0.06719331100066483,18446744070543507456,1,74
3015,79.26,0.05662298099923646,61079552,1,61
3015,79.12,0.216560587999993,3287126350678196224,1,318
3015,79.47,0.2127458260001731,1033633792,1,287
3015,79.47,0.05346724899936817,318767104,1,44
3015,78.96,0.11656121400119446,18446744072999403520,1,158
3015,79.54,0.45944749299997056,667156480,1,638
3015,80.35,0.29933757499929925,2548826112,1,448
3015,80.82,0.777354343999832,170131456,1,1082
3015,80.93,0.27006380400052876,18446744071926972416,1,400
3015,80.53,0.09113294800044969,303562752,1,111
3015,80.84,0.21082309299890767,18446744071373979648,1,308
3015,80.67,0.21030763700036914,3710124032,1,282
3015,80.62,0.1525304770002549,6367658864543793152,1,217
3015,80.51,0.18524403199990047,2577530880,1,244
3015,80.39,0.2420944919995236,18446744073378070528,1,357
3015,80.37,0.1291496920002828,129105920,1,166
3015,80.34,0.12988554699950328,18446744071835484160,1,183
3015,80.99,0.4118727000004583,1658191872,1,613
3015,80.99,0.017177210000227205,2516713472,1,2
3015,80.81,0.2841214130003209,557187072,1,383
3015,80.42,0.09218117599994002,1302200320,1,123
3015,80.35,0.11170318499898713,18446744071777681408,1,141
3015,80.35,0.038718063000487746,12062759660516540416,1,39
3015,79.96,0.32426118700095685,2321547264,1,445
3015,79.50,0.18325878599898715,7811317631813681152,1,243
3015,80.38,0.3589638930006913,1486487552,1,542
3015,80.61,0.16998537499966915,1491599360,1,224
3015,81.54,0.29636757700063754,18446744072125022208,1,441
3015,81.54,0.04597900899898377,18446744071290355712,1,47
3015,80.97,0.08644441300020844,1445462016,1,102
3015,81.56,0.1936009130004095,1251213312,1,282
3015,80.89,0.7279076499999064,18446744070543507456,1,1016
3015,80.99,0.16029778700067254,18446744070187646976,1,208
3015,82.49,0.7339244719987619,11142644349928472576,1,1128
3015,82.08,0.8271798540008604,1445462016,1,1150
3015,81.76,0.5925764730000083,1024327680,1,797
3015,81.19,0.17589524299910408,17948119948559646720,1,217
3015,81.02,0.12742363399956957,2450653184,1,158
3015,80.77,0.0490447120009776,1476395008,1,49
3015,80.50,0.3967741800006479,18446744073350807552,1,537
3015,80.05,0.09533253699919442,1559363584,1,118
3015,82.36,0.5822777039993525,18446744072259108864,1,868
3015,82.94,0.37720096800148895,2820407296,1,568
3015,82.81,0.030720430999281234,1046872064,1,22
3015,82.82,0.17587206200005312,18446744070598033408,1,232
3015,84.30,2.0460729930000525,18446744071650934784,1,3177
3015,84.30,0.015011815999969258,3930657312275955712,1,3
3015,83.44,0.18461921699963568,18446744072754036736,1,251
3015,84.37,0.987933434000297,2364801024,1,1517
3015,84.34,0.4526640870008123,617349120,1,673
3015,84.09,0.3726049889992282,18446744071536771072,1,559
3000,85.65,15.456580411000687,1146093568,1,24034
3000,85.18,1.2803357359989604,15029866554860765184,1,1922
3000,86.13,2.339709361000132,4031935527333658624,1,3623
3000,86.39,2.8081457019998197,9768571474557272064,1,4328
3000,86.55,1.9436551920007332,9797026835484114944,1,2990
3000,86.88,3.1376049899990903,7185651535144026112,1,4861
3000,86.30,0.23383627200018964,1120927744,1,332
3000,87.83,6.295835683000405,1455554560,1,9781
3000,88.54,6.145491608000157,4754314666782490624,1,9537
3000,90.97,1.3339435269990645,18446744071624196096,1,2055
